Date,Start (ET),Visitor/Neutral,PTS,Home/Neutral,PTS,,,Attend.,Notes
"Tue, Oct 16, 2018",8:00p,Philadelphia 76ers,87,Boston Celtics,105,Box Score,,"18,624",
"Tue, Oct 16, 2018",10:30p,Oklahoma City Thunder,100,Golden State Warriors,108,Box Score,,"19,596",
"Wed, Oct 17, 2018",7:00p,Milwaukee Bucks,113,Charlotte Hornets,112,Box Score,,"17,889",
"Wed, Oct 17, 2018",7:00p,Brooklyn Nets,100,Detroit Pistons,103,Box Score,,"20,332",
"Wed, Oct 17, 2018",8:00p,New Orleans Pelicans,131,Houston Rockets,112,Box Score,,"18,055",
"Wed, Oct 17, 2018",7:00p,Memphis Grizzlies,83,Indiana Pacers,111,Box Score,,"17,923",
"Wed, Oct 17, 2018",10:30p,Denver Nuggets,107,Los Angeles Clippers,98,Box Score,,"19,068",
"Wed, Oct 17, 2018",7:30p,Atlanta Hawks,107,New York Knicks,126,Box Score,,"18,249",
"Wed, Oct 17, 2018",7:00p,Miami Heat,101,Orlando Magic,104,Box Score,,"19,191",
"Wed, Oct 17, 2018",10:30p,Dallas Mavericks,100,Phoenix Suns,121,Box Score,,"18,055",
"Wed, Oct 17, 2018",10:00p,Utah Jazz,123,Sacramento Kings,117,Box Score,,"17,583",
"Wed, Oct 17, 2018",8:30p,Minnesota Timberwolves,108,San Antonio Spurs,112,Box Score,,"18,354",
"Wed, Oct 17, 2018",7:30p,Cleveland Cavaliers,104,Toronto Raptors,116,Box Score,,"19,915",
"Thu, Oct 18, 2018",8:00p,Chicago Bulls,108,Philadelphia 76ers,127,Box Score,,"20,302",
"Thu, Oct 18, 2018",10:30p,Los Angeles Lakers,119,Portland Trail Blazers,128,Box Score,,"19,996",
"Thu, Oct 18, 2018",8:00p,Miami Heat,113,Washington Wizards,112,Box Score,,"20,409",
"Fri, Oct 19, 2018",7:30p,New York Knicks,105,Brooklyn Nets,107,Box Score,,"17,732",
"Fri, Oct 19, 2018",10:30p,Oklahoma City Thunder,92,Los Angeles Clippers,108,Box Score,,"14,816",
"Fri, Oct 19, 2018",8:00p,Atlanta Hawks,117,Memphis Grizzlies,131,Box Score,,"17,019",
"Fri, Oct 19, 2018",8:30p,Indiana Pacers,101,Milwaukee Bucks,118,Box Score,,"17,341",
"Fri, Oct 19, 2018",8:00p,Cleveland Cavaliers,123,Minnesota Timberwolves,131,Box Score,,"18,978",
"Fri, Oct 19, 2018",8:00p,Sacramento Kings,129,New Orleans Pelicans,149,Box Score,,"18,337",
"Fri, Oct 19, 2018",7:00p,Charlotte Hornets,120,Orlando Magic,88,Box Score,,"17,668",
"Fri, Oct 19, 2018",8:00p,Boston Celtics,101,Toronto Raptors,113,Box Score,,"19,800",
"Fri, Oct 19, 2018",10:30p,Golden State Warriors,124,Utah Jazz,123,Box Score,,"18,306",
"Sat, Oct 20, 2018",8:00p,Detroit Pistons,118,Chicago Bulls,116,Box Score,,"21,289",
"Sat, Oct 20, 2018",8:30p,Minnesota Timberwolves,136,Dallas Mavericks,140,Box Score,,"20,205",
"Sat, Oct 20, 2018",9:00p,Phoenix Suns,91,Denver Nuggets,119,Box Score,,"19,592",
"Sat, Oct 20, 2018",7:00p,Brooklyn Nets,112,Indiana Pacers,132,Box Score,,"17,007",
"Sat, Oct 20, 2018",10:30p,Houston Rockets,124,Los Angeles Lakers,115,Box Score,,"18,997",
"Sat, Oct 20, 2018",8:00p,Charlotte Hornets,113,Miami Heat,112,Box Score,,"19,600",
"Sat, Oct 20, 2018",7:30p,Boston Celtics,103,New York Knicks,101,Box Score,,"19,427",
"Sat, Oct 20, 2018",7:30p,Orlando Magic,115,Philadelphia 76ers,116,Box Score,,"20,300",
"Sat, Oct 20, 2018",10:00p,San Antonio Spurs,108,Portland Trail Blazers,121,Box Score,,"19,461",
"Sat, Oct 20, 2018",7:00p,Toronto Raptors,117,Washington Wizards,113,Box Score,,"16,185",
"Sun, Oct 21, 2018",6:00p,Atlanta Hawks,133,Cleveland Cavaliers,111,Box Score,,"19,432",
"Sun, Oct 21, 2018",8:00p,Golden State Warriors,98,Denver Nuggets,100,Box Score,,"19,520",
"Sun, Oct 21, 2018",9:00p,Houston Rockets,112,Los Angeles Clippers,115,Box Score,,"16,149",
"Sun, Oct 21, 2018",7:00p,Sacramento Kings,131,Oklahoma City Thunder,120,Box Score,,"18,203",
"Mon, Oct 22, 2018",7:30p,Orlando Magic,93,Boston Celtics,90,Box Score,,"18,624",
"Mon, Oct 22, 2018",8:30p,Chicago Bulls,109,Dallas Mavericks,115,Box Score,,"19,291",
"Mon, Oct 22, 2018",10:30p,Phoenix Suns,103,Golden State Warriors,123,Box Score,,"19,596",
"Mon, Oct 22, 2018",10:30p,San Antonio Spurs,143,Los Angeles Lakers,142,Box Score,OT,"18,997",
"Mon, Oct 22, 2018",8:00p,New York Knicks,113,Milwaukee Bucks,124,Box Score,,"16,228",
"Mon, Oct 22, 2018",8:00p,Indiana Pacers,91,Minnesota Timberwolves,101,Box Score,,"10,371",
"Mon, Oct 22, 2018",10:00p,Washington Wizards,125,Portland Trail Blazers,124,Box Score,OT,"19,187",
"Mon, Oct 22, 2018",7:30p,Charlotte Hornets,106,Toronto Raptors,127,Box Score,,"19,800",
"Mon, Oct 22, 2018",9:00p,Memphis Grizzlies,92,Utah Jazz,84,Box Score,,"18,306",
"Tue, Oct 23, 2018",9:00p,Sacramento Kings,112,Denver Nuggets,126,Box Score,,"13,214",
"Tue, Oct 23, 2018",7:00p,Philadelphia 76ers,132,Detroit Pistons,133,Box Score,OT,"14,418",
"Tue, Oct 23, 2018",8:00p,Los Angeles Clippers,109,New Orleans Pelicans,116,Box Score,,"14,625",
"Wed, Oct 24, 2018",7:00p,Dallas Mavericks,104,Atlanta Hawks,111,Box Score,,"16,705",
"Wed, Oct 24, 2018",8:00p,Charlotte Hornets,110,Chicago Bulls,112,Box Score,,"19,170",
"Wed, Oct 24, 2018",7:00p,Brooklyn Nets,102,Cleveland Cavaliers,86,Box Score,,"19,432",
"Wed, Oct 24, 2018",10:30p,Washington Wizards,122,Golden State Warriors,144,Box Score,,"19,596",
"Wed, Oct 24, 2018",8:00p,Utah Jazz,100,Houston Rockets,89,Box Score,,"18,055",
"Wed, Oct 24, 2018",7:30p,New York Knicks,87,Miami Heat,110,Box Score,,"19,600",
"Wed, Oct 24, 2018",9:30p,Philadelphia 76ers,108,Milwaukee Bucks,123,Box Score,,"17,341",
"Wed, Oct 24, 2018",10:00p,Los Angeles Lakers,131,Phoenix Suns,113,Box Score,,"18,055",
"Wed, Oct 24, 2018",10:00p,Memphis Grizzlies,92,Sacramento Kings,97,Box Score,,"14,198",
"Wed, Oct 24, 2018",8:30p,Indiana Pacers,116,San Antonio Spurs,96,Box Score,,"18,354",
"Wed, Oct 24, 2018",7:30p,Minnesota Timberwolves,105,Toronto Raptors,112,Box Score,,"19,800",
"Thu, Oct 25, 2018",7:00p,Cleveland Cavaliers,103,Detroit Pistons,110,Box Score,,"15,896",
"Thu, Oct 25, 2018",10:30p,Denver Nuggets,114,Los Angeles Lakers,121,Box Score,,"18,997",
"Thu, Oct 25, 2018",8:00p,Boston Celtics,101,Oklahoma City Thunder,95,Box Score,,"18,203",
"Thu, Oct 25, 2018",7:00p,Portland Trail Blazers,128,Orlando Magic,114,Box Score,,"15,114",
"Fri, Oct 26, 2018",7:00p,Chicago Bulls,106,Charlotte Hornets,135,Box Score,,"15,220",
"Fri, Oct 26, 2018",8:00p,Los Angeles Clippers,133,Houston Rockets,113,Box Score,,"18,055",
"Fri, Oct 26, 2018",8:00p,Milwaukee Bucks,125,Minnesota Timberwolves,95,Box Score,,"16,334",
"Fri, Oct 26, 2018",8:00p,Brooklyn Nets,115,New Orleans Pelicans,117,Box Score,,"15,272",
"Fri, Oct 26, 2018",7:30p,Golden State Warriors,128,New York Knicks,100,Box Score,,"19,812",
"Fri, Oct 26, 2018",10:00p,Washington Wizards,112,Sacramento Kings,116,Box Score,,"14,101",
"Fri, Oct 26, 2018",7:30p,Dallas Mavericks,107,Toronto Raptors,116,Box Score,,"19,800",
"Sat, Oct 27, 2018",7:30p,Chicago Bulls,97,Atlanta Hawks,85,Box Score,,"15,549",
"Sat, Oct 27, 2018",7:30p,Indiana Pacers,119,Cleveland Cavaliers,107,Box Score,,"19,432",
"Sat, Oct 27, 2018",7:00p,Boston Celtics,109,Detroit Pistons,89,Box Score,,"18,120",
"Sat, Oct 27, 2018",8:00p,Phoenix Suns,96,Memphis Grizzlies,117,Box Score,,"15,926",
"Sat, Oct 27, 2018",8:00p,Portland Trail Blazers,111,Miami Heat,120,Box Score,,"19,600",
"Sat, Oct 27, 2018",8:30p,Orlando Magic,91,Milwaukee Bucks,113,Box Score,,"17,341",
"Sat, Oct 27, 2018",7:00p,Utah Jazz,132,New Orleans Pelicans,111,Box Score,,"16,373",
"Sat, Oct 27, 2018",7:30p,Charlotte Hornets,103,Philadelphia 76ers,105,Box Score,,"20,203",
"Sat, Oct 27, 2018",8:30p,Los Angeles Lakers,106,San Antonio Spurs,110,Box Score,,"18,589",
"Sun, Oct 28, 2018",5:00p,Golden State Warriors,120,Brooklyn Nets,114,Box Score,,"17,732",
"Sun, Oct 28, 2018",7:00p,Utah Jazz,113,Dallas Mavericks,104,Box Score,,"19,571",
"Sun, Oct 28, 2018",9:30p,Washington Wizards,104,Los Angeles Clippers,136,Box Score,,"16,491",
"Sun, Oct 28, 2018",7:00p,Phoenix Suns,110,Oklahoma City Thunder,117,Box Score,,"18,203",
"Mon, Oct 29, 2018",8:00p,Golden State Warriors,149,Chicago Bulls,124,Box Score,,"21,076",
"Mon, Oct 29, 2018",9:00p,New Orleans Pelicans,111,Denver Nuggets,116,Box Score,,"15,217",
"Mon, Oct 29, 2018",7:00p,Portland Trail Blazers,103,Indiana Pacers,93,Box Score,,"15,788",
"Mon, Oct 29, 2018",7:30p,Sacramento Kings,123,Miami Heat,113,Box Score,,"19,600",
"Mon, Oct 29, 2018",8:00p,Toronto Raptors,109,Milwaukee Bucks,124,Box Score,,"17,341",
"Mon, Oct 29, 2018",8:00p,Los Angeles Lakers,120,Minnesota Timberwolves,124,Box Score,,"18,978",
"Mon, Oct 29, 2018",7:30p,Brooklyn Nets,96,New York Knicks,115,Box Score,,"19,221",
"Mon, Oct 29, 2018",7:00p,Atlanta Hawks,92,Philadelphia 76ers,113,Box Score,,"20,269",
"Mon, Oct 29, 2018",8:30p,Dallas Mavericks,108,San Antonio Spurs,113,Box Score,OT,"18,354",
"Tue, Oct 30, 2018",7:30p,Detroit Pistons,105,Boston Celtics,108,Box Score,,"18,624",
"Tue, Oct 30, 2018",7:00p,Miami Heat,113,Charlotte Hornets,125,Box Score,,"14,117",
"Tue, Oct 30, 2018",7:00p,Atlanta Hawks,114,Cleveland Cavaliers,136,Box Score,,"19,432",
"Tue, Oct 30, 2018",8:00p,Portland Trail Blazers,104,Houston Rockets,85,Box Score,,"18,055",
"Tue, Oct 30, 2018",8:00p,Washington Wizards,95,Memphis Grizzlies,107,Box Score,,"14,106",
"Tue, Oct 30, 2018",8:00p,Los Angeles Clippers,110,Oklahoma City Thunder,128,Box Score,,"18,203",
"Tue, Oct 30, 2018",7:00p,Sacramento Kings,107,Orlando Magic,99,Box Score,,"15,074",
"Tue, Oct 30, 2018",7:30p,Philadelphia 76ers,112,Toronto Raptors,129,Box Score,,"19,800",
"Wed, Oct 31, 2018",7:30p,Detroit Pistons,119,Brooklyn Nets,120,Box Score,OT,"12,862",
"Wed, Oct 31, 2018",8:00p,Denver Nuggets,108,Chicago Bulls,107,Box Score,OT,"19,027",
"Wed, Oct 31, 2018",10:30p,New Orleans Pelicans,121,Golden State Warriors,131,Box Score,,"19,596",
"Wed, Oct 31, 2018",10:30p,Dallas Mavericks,113,Los Angeles Lakers,114,Box Score,,"18,997",
"Wed, Oct 31, 2018",8:00p,Utah Jazz,125,Minnesota Timberwolves,128,Box Score,,"10,079",
"Wed, Oct 31, 2018",8:00p,Indiana Pacers,107,New York Knicks,101,Box Score,,"18,295",
"Wed, Oct 31, 2018",10:30p,San Antonio Spurs,120,Phoenix Suns,90,Box Score,,"12,328",
"Thu, Nov 1, 2018",7:30p,Sacramento Kings,146,Atlanta Hawks,115,Box Score,,"12,095",
"Thu, Nov 1, 2018",8:00p,Milwaukee Bucks,113,Boston Celtics,117,Box Score,,"18,624",
"Thu, Nov 1, 2018",7:00p,Oklahoma City Thunder,111,Charlotte Hornets,107,Box Score,,"14,583",
"Thu, Nov 1, 2018",7:00p,Denver Nuggets,110,Cleveland Cavaliers,91,Box Score,,"19,432",
"Thu, Nov 1, 2018",7:00p,Los Angeles Clippers,113,Philadelphia 76ers,122,Box Score,,"20,246",
"Thu, Nov 1, 2018",10:30p,New Orleans Pelicans,119,Portland Trail Blazers,132,Box Score,,"18,921",
"Fri, Nov 2, 2018",7:30p,Houston Rockets,119,Brooklyn Nets,111,Box Score,,"14,013",
"Fri, Nov 2, 2018",8:00p,Indiana Pacers,107,Chicago Bulls,105,Box Score,,"19,704",
"Fri, Nov 2, 2018",8:30p,New York Knicks,118,Dallas Mavericks,106,Box Score,,"20,008",
"Fri, Nov 2, 2018",10:30p,Minnesota Timberwolves,99,Golden State Warriors,116,Box Score,,"19,596",
"Fri, Nov 2, 2018",7:00p,Los Angeles Clippers,120,Orlando Magic,95,Box Score,,"15,953",
"Fri, Nov 2, 2018",10:00p,Toronto Raptors,107,Phoenix Suns,98,Box Score,,"15,843",
"Fri, Nov 2, 2018",9:00p,Memphis Grizzlies,110,Utah Jazz,100,Box Score,,"18,306",
"Fri, Nov 2, 2018",8:00p,Oklahoma City Thunder,134,Washington Wizards,111,Box Score,,"20,409",
"Sat, Nov 3, 2018",7:30p,Miami Heat,118,Atlanta Hawks,123,Box Score,,"16,303",
"Sat, Nov 3, 2018",8:00p,Houston Rockets,96,Chicago Bulls,88,Box Score,,"20,505",
"Sat, Nov 3, 2018",7:00p,Cleveland Cavaliers,94,Charlotte Hornets,126,Box Score,,"16,221",
"Sat, Nov 3, 2018",9:00p,Utah Jazz,88,Denver Nuggets,103,Box Score,,"19,520",
"Sat, Nov 3, 2018",7:00p,Boston Celtics,101,Indiana Pacers,102,Box Score,,"17,505",
"Sat, Nov 3, 2018",1:00p,Detroit Pistons,99,Philadelphia 76ers,109,Box Score,,"20,289",
"Sat, Nov 3, 2018",10:00p,Los Angeles Lakers,114,Portland Trail Blazers,110,Box Score,,"19,848",
"Sat, Nov 3, 2018",8:30p,New Orleans Pelicans,95,San Antonio Spurs,109,Box Score,,"18,354",
"Sun, Nov 4, 2018",6:00p,Philadelphia 76ers,97,Brooklyn Nets,122,Box Score,,"12,826",
"Sun, Nov 4, 2018",9:30p,Toronto Raptors,121,Los Angeles Lakers,107,Box Score,,"18,997",
"Sun, Nov 4, 2018",3:30p,Sacramento Kings,109,Milwaukee Bucks,144,Box Score,,"17,341",
"Sun, Nov 4, 2018",8:00p,Memphis Grizzlies,100,Phoenix Suns,102,Box Score,,"13,074",
"Sun, Nov 4, 2018",9:00p,Minnesota Timberwolves,81,Portland Trail Blazers,111,Box Score,,"19,522",
"Sun, Nov 4, 2018",7:00p,Orlando Magic,117,San Antonio Spurs,110,Box Score,,"18,354",
"Sun, Nov 4, 2018",6:00p,New York Knicks,95,Washington Wizards,108,Box Score,,"16,679",
"Mon, Nov 5, 2018",9:00p,Boston Celtics,107,Denver Nuggets,115,Box Score,,"19,520",
"Mon, Nov 5, 2018",7:00p,Miami Heat,120,Detroit Pistons,115,Box Score,OT,"14,148",
"Mon, Nov 5, 2018",10:30p,Memphis Grizzlies,101,Golden State Warriors,117,Box Score,,"19,596",
"Mon, Nov 5, 2018",7:00p,Houston Rockets,98,Indiana Pacers,94,Box Score,,"14,735",
"Mon, Nov 5, 2018",10:30p,Minnesota Timberwolves,109,Los Angeles Clippers,120,Box Score,,"16,564",
"Mon, Nov 5, 2018",7:30p,Chicago Bulls,116,New York Knicks,115,Box Score,2OT,"19,812",
"Mon, Nov 5, 2018",8:00p,New Orleans Pelicans,116,Oklahoma City Thunder,122,Box Score,,"18,203",
"Mon, Nov 5, 2018",7:00p,Cleveland Cavaliers,100,Orlando Magic,102,Box Score,,"15,009",
"Mon, Nov 5, 2018",9:00p,Toronto Raptors,124,Utah Jazz,111,Box Score,,"18,306",
"Tue, Nov 6, 2018",7:00p,Atlanta Hawks,102,Charlotte Hornets,113,Box Score,,"13,955",
"Tue, Nov 6, 2018",8:30p,Washington Wizards,100,Dallas Mavericks,119,Box Score,,"19,234",
"Tue, Nov 6, 2018",9:00p,Brooklyn Nets,104,Phoenix Suns,82,Box Score,,"14,205",
"Tue, Nov 6, 2018",10:00p,Milwaukee Bucks,103,Portland Trail Blazers,118,Box Score,,"19,512",
"Wed, Nov 7, 2018",7:30p,New York Knicks,112,Atlanta Hawks,107,Box Score,,"12,412",
"Wed, Nov 7, 2018",7:00p,Oklahoma City Thunder,95,Cleveland Cavaliers,86,Box Score,,"19,432",
"Wed, Nov 7, 2018",8:00p,Philadelphia 76ers,100,Indiana Pacers,94,Box Score,,"16,434",
"Wed, Nov 7, 2018",10:30p,Minnesota Timberwolves,110,Los Angeles Lakers,114,Box Score,,"18,997",
"Wed, Nov 7, 2018",8:00p,Denver Nuggets,87,Memphis Grizzlies,89,Box Score,,"15,832",
"Wed, Nov 7, 2018",7:30p,San Antonio Spurs,88,Miami Heat,95,Box Score,,"19,600",
"Wed, Nov 7, 2018",8:00p,Chicago Bulls,98,New Orleans Pelicans,107,Box Score,,"15,514",
"Wed, Nov 7, 2018",7:00p,Detroit Pistons,103,Orlando Magic,96,Box Score,,"16,103",
"Wed, Nov 7, 2018",10:00p,Toronto Raptors,114,Sacramento Kings,105,Box Score,,"17,583",
"Wed, Nov 7, 2018",9:00p,Dallas Mavericks,102,Utah Jazz,117,Box Score,,"18,306",
"Thu, Nov 8, 2018",10:30p,Milwaukee Bucks,134,Golden State Warriors,111,Box Score,,"19,596",
"Thu, Nov 8, 2018",8:00p,Houston Rockets,80,Oklahoma City Thunder,98,Box Score,,"18,203",
"Thu, Nov 8, 2018",9:00p,Boston Celtics,116,Phoenix Suns,109,Box Score,OT,"17,359",
"Thu, Nov 8, 2018",10:00p,Los Angeles Clippers,105,Portland Trail Blazers,116,Box Score,,"19,170",
"Fri, Nov 9, 2018",7:30p,Detroit Pistons,124,Atlanta Hawks,109,Box Score,,"14,759",
"Fri, Nov 9, 2018",9:00p,Brooklyn Nets,112,Denver Nuggets,110,Box Score,,"19,520",
"Fri, Nov 9, 2018",8:00p,Indiana Pacers,110,Miami Heat,102,Box Score,,"19,600",
"Fri, Nov 9, 2018",7:00p,Washington Wizards,108,Orlando Magic,117,Box Score,,"16,562",
"Fri, Nov 9, 2018",7:00p,Charlotte Hornets,132,Philadelphia 76ers,133,Box Score,OT,"20,424",
"Fri, Nov 9, 2018",10:00p,Minnesota Timberwolves,110,Sacramento Kings,121,Box Score,,"17,583",
"Fri, Nov 9, 2018",9:30p,Boston Celtics,115,Utah Jazz,123,Box Score,,"18,306",
"Sat, Nov 10, 2018",8:00p,Cleveland Cavaliers,98,Chicago Bulls,99,Box Score,,"21,506",
"Sat, Nov 10, 2018",9:00p,Oklahoma City Thunder,96,Dallas Mavericks,111,Box Score,,"19,818",
"Sat, Nov 10, 2018",8:30p,Brooklyn Nets,100,Golden State Warriors,116,Box Score,,"19,596",
"Sat, Nov 10, 2018",3:30p,Milwaukee Bucks,126,Los Angeles Clippers,128,Box Score,OT,"17,486",
"Sat, Nov 10, 2018",8:00p,Philadelphia 76ers,106,Memphis Grizzlies,112,Box Score,OT,"16,904",
"Sat, Nov 10, 2018",8:00p,Washington Wizards,116,Miami Heat,110,Box Score,,"19,600",
"Sat, Nov 10, 2018",7:00p,Phoenix Suns,99,New Orleans Pelicans,119,Box Score,,"15,222",
"Sat, Nov 10, 2018",10:00p,Los Angeles Lakers,101,Sacramento Kings,86,Box Score,,"17,583",
"Sat, Nov 10, 2018",8:30p,Houston Rockets,89,San Antonio Spurs,96,Box Score,,"18,354",
"Sat, Nov 10, 2018",3:00p,New York Knicks,112,Toronto Raptors,128,Box Score,,"19,800",
"Sun, Nov 11, 2018",8:00p,Milwaukee Bucks,121,Denver Nuggets,114,Box Score,,"19,520",
"Sun, Nov 11, 2018",3:30p,Charlotte Hornets,113,Detroit Pistons,103,Box Score,,"15,133",
"Sun, Nov 11, 2018",7:00p,Indiana Pacers,103,Houston Rockets,115,Box Score,,"18,055",
"Sun, Nov 11, 2018",9:30p,Atlanta Hawks,106,Los Angeles Lakers,107,Box Score,,"18,997",
"Sun, Nov 11, 2018",7:30p,Orlando Magic,115,New York Knicks,89,Box Score,,"19,812",
"Sun, Nov 11, 2018",9:00p,Boston Celtics,94,Portland Trail Blazers,100,Box Score,,"19,712",
"Mon, Nov 12, 2018",8:00p,Dallas Mavericks,103,Chicago Bulls,98,Box Score,,"19,012",
"Mon, Nov 12, 2018",10:30p,Golden State Warriors,116,Los Angeles Clippers,121,Box Score,OT,"19,068",
"Mon, Nov 12, 2018",8:00p,Utah Jazz,96,Memphis Grizzlies,88,Box Score,,"13,477",
"Mon, Nov 12, 2018",7:30p,Philadelphia 76ers,124,Miami Heat,114,Box Score,,"19,600",
"Mon, Nov 12, 2018",8:00p,Brooklyn Nets,113,Minnesota Timberwolves,120,Box Score,,"10,186",
"Mon, Nov 12, 2018",8:00p,Phoenix Suns,101,Oklahoma City Thunder,118,Box Score,,"18,203",
"Mon, Nov 12, 2018",10:00p,San Antonio Spurs,99,Sacramento Kings,104,Box Score,,"15,500",
"Mon, Nov 12, 2018",7:30p,New Orleans Pelicans,126,Toronto Raptors,110,Box Score,,"19,800",
"Mon, Nov 12, 2018",7:00p,Orlando Magic,109,Washington Wizards,117,Box Score,,"15,346",
"Tue, Nov 13, 2018",7:00p,Charlotte Hornets,89,Cleveland Cavaliers,113,Box Score,,"19,432",
"Tue, Nov 13, 2018",9:00p,Houston Rockets,109,Denver Nuggets,99,Box Score,,"16,741",
"Tue, Nov 13, 2018",10:30p,Atlanta Hawks,103,Golden State Warriors,110,Box Score,,"19,596",
"Wed, Nov 14, 2018",7:30p,Chicago Bulls,82,Boston Celtics,111,Box Score,,"18,624",
"Wed, Nov 14, 2018",7:30p,Miami Heat,120,Brooklyn Nets,107,Box Score,,"13,317",
"Wed, Nov 14, 2018",8:30p,Utah Jazz,68,Dallas Mavericks,118,Box Score,,"19,371",
"Wed, Nov 14, 2018",10:30p,Portland Trail Blazers,117,Los Angeles Lakers,126,Box Score,,"18,997",
"Wed, Nov 14, 2018",8:00p,Memphis Grizzlies,116,Milwaukee Bucks,113,Box Score,,"16,817",
"Wed, Nov 14, 2018",8:00p,New Orleans Pelicans,100,Minnesota Timberwolves,107,Box Score,,"11,636",
"Wed, Nov 14, 2018",8:00p,New York Knicks,103,Oklahoma City Thunder,128,Box Score,,"18,203",
"Wed, Nov 14, 2018",7:00p,Philadelphia 76ers,106,Orlando Magic,111,Box Score,,"15,921",
"Wed, Nov 14, 2018",9:00p,San Antonio Spurs,96,Phoenix Suns,116,Box Score,,"14,532",
"Wed, Nov 14, 2018",7:30p,Detroit Pistons,106,Toronto Raptors,104,Box Score,,"19,800",
"Wed, Nov 14, 2018",7:00p,Cleveland Cavaliers,95,Washington Wizards,119,Box Score,,"14,537",
"Thu, Nov 15, 2018",9:00p,Atlanta Hawks,93,Denver Nuggets,138,Box Score,,"15,103",
"Thu, Nov 15, 2018",8:00p,Golden State Warriors,86,Houston Rockets,107,Box Score,,"18,055",
"Thu, Nov 15, 2018",10:30p,San Antonio Spurs,111,Los Angeles Clippers,116,Box Score,,"17,463",
"Fri, Nov 16, 2018",7:00p,Toronto Raptors,116,Boston Celtics,123,Box Score,OT,"18,624",
"Fri, Nov 16, 2018",7:00p,Miami Heat,91,Indiana Pacers,99,Box Score,,"17,923",
"Fri, Nov 16, 2018",8:00p,Sacramento Kings,104,Memphis Grizzlies,112,Box Score,,"13,811",
"Fri, Nov 16, 2018",9:30p,Chicago Bulls,104,Milwaukee Bucks,123,Box Score,,"17,341",
"Fri, Nov 16, 2018",8:00p,Portland Trail Blazers,96,Minnesota Timberwolves,112,Box Score,,"18,978",
"Fri, Nov 16, 2018",8:00p,New York Knicks,124,New Orleans Pelicans,129,Box Score,,"14,717",
"Fri, Nov 16, 2018",7:00p,Utah Jazz,107,Philadelphia 76ers,113,Box Score,,"20,485",
"Fri, Nov 16, 2018",7:00p,Brooklyn Nets,115,Washington Wizards,104,Box Score,,"15,102",
"Sat, Nov 17, 2018",7:30p,Utah Jazz,98,Boston Celtics,86,Box Score,,"18,624",
"Sat, Nov 17, 2018",6:00p,Los Angeles Clippers,127,Brooklyn Nets,119,Box Score,,"12,944",
"Sat, Nov 17, 2018",8:00p,Toronto Raptors,122,Chicago Bulls,83,Box Score,,"21,263",
"Sat, Nov 17, 2018",7:00p,Philadelphia 76ers,122,Charlotte Hornets,119,Box Score,OT,"19,426",
"Sat, Nov 17, 2018",8:30p,Golden State Warriors,109,Dallas Mavericks,112,Box Score,,"20,260",
"Sat, Nov 17, 2018",8:00p,Sacramento Kings,112,Houston Rockets,132,Box Score,,"18,055",
"Sat, Nov 17, 2018",7:00p,Atlanta Hawks,89,Indiana Pacers,97,Box Score,,"17,491",
"Sat, Nov 17, 2018",7:00p,Denver Nuggets,115,New Orleans Pelicans,125,Box Score,,"15,408",
"Sat, Nov 17, 2018",7:00p,Los Angeles Lakers,117,Orlando Magic,130,Box Score,,"19,249",
"Sat, Nov 17, 2018",9:00p,Oklahoma City Thunder,110,Phoenix Suns,100,Box Score,,"16,376",
"Sun, Nov 18, 2018",6:00p,Los Angeles Lakers,113,Miami Heat,97,Box Score,,"19,686",
"Sun, Nov 18, 2018",3:30p,Memphis Grizzlies,100,Minnesota Timberwolves,87,Box Score,,"13,179",
"Sun, Nov 18, 2018",6:00p,New York Knicks,117,Orlando Magic,131,Box Score,,"15,898",
"Sun, Nov 18, 2018",7:00p,Golden State Warriors,92,San Antonio Spurs,104,Box Score,,"18,354",
"Sun, Nov 18, 2018",6:00p,Portland Trail Blazers,119,Washington Wizards,109,Box Score,,"16,647",
"Mon, Nov 19, 2018",7:30p,Los Angeles Clippers,127,Atlanta Hawks,119,Box Score,,"14,323",
"Mon, Nov 19, 2018",7:00p,Boston Celtics,112,Charlotte Hornets,117,Box Score,,"18,040",
"Mon, Nov 19, 2018",7:00p,Cleveland Cavaliers,102,Detroit Pistons,113,Box Score,,"15,769",
"Mon, Nov 19, 2018",7:00p,Utah Jazz,94,Indiana Pacers,121,Box Score,,"17,000",
"Mon, Nov 19, 2018",8:00p,Dallas Mavericks,88,Memphis Grizzlies,98,Box Score,,"15,997",
"Mon, Nov 19, 2018",8:00p,Denver Nuggets,98,Milwaukee Bucks,104,Box Score,,"17,341",
"Mon, Nov 19, 2018",8:00p,San Antonio Spurs,126,New Orleans Pelicans,140,Box Score,,"14,675",
"Mon, Nov 19, 2018",7:00p,Phoenix Suns,114,Philadelphia 76ers,119,Box Score,,"20,459",
"Mon, Nov 19, 2018",10:00p,Oklahoma City Thunder,113,Sacramento Kings,117,Box Score,,"16,250",
"Tue, Nov 20, 2018",7:30p,Brooklyn Nets,104,Miami Heat,92,Box Score,,"19,600",
"Tue, Nov 20, 2018",7:30p,Portland Trail Blazers,118,New York Knicks,114,Box Score,,"19,812",
"Tue, Nov 20, 2018",7:00p,Toronto Raptors,93,Orlando Magic,91,Box Score,,"16,016",
"Tue, Nov 20, 2018",7:00p,Los Angeles Clippers,118,Washington Wizards,125,Box Score,,"14,499",
"Wed, Nov 21, 2018",7:30p,Toronto Raptors,124,Atlanta Hawks,108,Box Score,,"15,058",
"Wed, Nov 21, 2018",7:30p,New York Knicks,117,Boston Celtics,109,Box Score,,"18,624",
"Wed, Nov 21, 2018",8:00p,Phoenix Suns,116,Chicago Bulls,124,Box Score,,"19,014",
"Wed, Nov 21, 2018",7:00p,Indiana Pacers,109,Charlotte Hornets,127,Box Score,,"15,913",
"Wed, Nov 21, 2018",8:00p,Los Angeles Lakers,109,Cleveland Cavaliers,105,Box Score,,"19,432",
"Wed, Nov 21, 2018",8:30p,Brooklyn Nets,113,Dallas Mavericks,119,Box Score,,"19,926",
"Wed, Nov 21, 2018",10:30p,Oklahoma City Thunder,123,Golden State Warriors,95,Box Score,,"19,596",
"Wed, Nov 21, 2018",8:00p,Detroit Pistons,124,Houston Rockets,126,Box Score,,"18,055",
"Wed, Nov 21, 2018",8:00p,Portland Trail Blazers,100,Milwaukee Bucks,143,Box Score,,"17,591",
"Wed, Nov 21, 2018",8:00p,Denver Nuggets,103,Minnesota Timberwolves,101,Box Score,,"15,086",
"Wed, Nov 21, 2018",7:00p,New Orleans Pelicans,120,Philadelphia 76ers,121,Box Score,,"20,352",
"Wed, Nov 21, 2018",8:30p,Memphis Grizzlies,104,San Antonio Spurs,103,Box Score,,"18,354",
"Wed, Nov 21, 2018",9:00p,Sacramento Kings,119,Utah Jazz,110,Box Score,,"18,306",
"Fri, Nov 23, 2018",7:30p,Boston Celtics,114,Atlanta Hawks,96,Box Score,,"15,017",
"Fri, Nov 23, 2018",12:00p,Minnesota Timberwolves,112,Brooklyn Nets,102,Box Score,,"12,814",
"Fri, Nov 23, 2018",8:00p,Miami Heat,103,Chicago Bulls,96,Box Score,,"20,935",
"Fri, Nov 23, 2018",9:00p,Orlando Magic,87,Denver Nuggets,112,Box Score,,"19,520",
"Fri, Nov 23, 2018",7:00p,Houston Rockets,111,Detroit Pistons,116,Box Score,OT,"17,268",
"Fri, Nov 23, 2018",10:30p,Portland Trail Blazers,97,Golden State Warriors,125,Box Score,,"19,596",
"Fri, Nov 23, 2018",8:00p,San Antonio Spurs,111,Indiana Pacers,100,Box Score,,"17,262",
"Fri, Nov 23, 2018",3:30p,Memphis Grizzlies,107,Los Angeles Clippers,112,Box Score,OT,"15,418",
"Fri, Nov 23, 2018",10:30p,Utah Jazz,83,Los Angeles Lakers,90,Box Score,,"18,997",
"Fri, Nov 23, 2018",8:30p,Phoenix Suns,116,Milwaukee Bucks,114,Box Score,,"17,852",
"Fri, Nov 23, 2018",7:30p,New Orleans Pelicans,109,New York Knicks,114,Box Score,,"18,948",
"Fri, Nov 23, 2018",8:00p,Charlotte Hornets,104,Oklahoma City Thunder,109,Box Score,,"18,203",
"Fri, Nov 23, 2018",7:30p,Cleveland Cavaliers,121,Philadelphia 76ers,112,Box Score,,"20,524",
"Fri, Nov 23, 2018",7:30p,Washington Wizards,107,Toronto Raptors,125,Box Score,,"19,800",
"Sat, Nov 24, 2018",7:30p,Houston Rockets,108,Cleveland Cavaliers,117,Box Score,,"19,432",
"Sat, Nov 24, 2018",8:30p,Boston Celtics,104,Dallas Mavericks,113,Box Score,,"20,226",
"Sat, Nov 24, 2018",8:30p,Sacramento Kings,116,Golden State Warriors,117,Box Score,,"19,596",
"Sat, Nov 24, 2018",8:30p,San Antonio Spurs,129,Milwaukee Bucks,135,Box Score,,"17,559",
"Sat, Nov 24, 2018",8:00p,Chicago Bulls,96,Minnesota Timberwolves,111,Box Score,,"17,119",
"Sat, Nov 24, 2018",8:00p,Denver Nuggets,105,Oklahoma City Thunder,98,Box Score,,"18,203",
"Sat, Nov 24, 2018",8:00p,New Orleans Pelicans,114,Washington Wizards,124,Box Score,,"15,165",
"Sun, Nov 25, 2018",6:00p,Charlotte Hornets,123,Atlanta Hawks,124,Box Score,,"12,977",
"Sun, Nov 25, 2018",6:00p,Philadelphia 76ers,127,Brooklyn Nets,125,Box Score,,"15,217",
"Sun, Nov 25, 2018",4:00p,Phoenix Suns,107,Detroit Pistons,118,Box Score,,"14,413",
"Sun, Nov 25, 2018",3:30p,Orlando Magic,108,Los Angeles Lakers,104,Box Score,,"18,997",
"Sun, Nov 25, 2018",6:00p,New York Knicks,103,Memphis Grizzlies,98,Box Score,,"14,331",
"Sun, Nov 25, 2018",9:00p,Los Angeles Clippers,104,Portland Trail Blazers,100,Box Score,,"19,138",
"Sun, Nov 25, 2018",8:00p,Utah Jazz,133,Sacramento Kings,112,Box Score,,"16,048",
"Sun, Nov 25, 2018",6:00p,Miami Heat,115,Toronto Raptors,125,Box Score,,"19,800",
"Mon, Nov 26, 2018",8:00p,San Antonio Spurs,108,Chicago Bulls,107,Box Score,,"19,006",
"Mon, Nov 26, 2018",7:00p,Milwaukee Bucks,107,Charlotte Hornets,110,Box Score,,"13,805",
"Mon, Nov 26, 2018",7:00p,Minnesota Timberwolves,102,Cleveland Cavaliers,95,Box Score,,"19,432",
"Mon, Nov 26, 2018",10:30p,Orlando Magic,110,Golden State Warriors,116,Box Score,,"19,596",
"Mon, Nov 26, 2018",8:00p,Boston Celtics,124,New Orleans Pelicans,107,Box Score,,"15,189",
"Mon, Nov 26, 2018",9:00p,Indiana Pacers,121,Utah Jazz,88,Box Score,,"18,306",
"Mon, Nov 26, 2018",7:00p,Houston Rockets,131,Washington Wizards,135,Box Score,OT,"16,872",
"Tue, Nov 27, 2018",9:00p,Los Angeles Lakers,85,Denver Nuggets,117,Box Score,,"19,583",
"Tue, Nov 27, 2018",7:00p,New York Knicks,108,Detroit Pistons,115,Box Score,,"13,935",
"Tue, Nov 27, 2018",8:00p,Toronto Raptors,122,Memphis Grizzlies,114,Box Score,,"14,187",
"Tue, Nov 27, 2018",7:30p,Atlanta Hawks,115,Miami Heat,113,Box Score,,"19,600",
"Tue, Nov 27, 2018",9:00p,Indiana Pacers,109,Phoenix Suns,104,Box Score,,"13,038",
"Wed, Nov 28, 2018",7:30p,Utah Jazz,101,Brooklyn Nets,91,Box Score,,"12,928",
"Wed, Nov 28, 2018",7:00p,Atlanta Hawks,94,Charlotte Hornets,108,Box Score,,"12,971",
"Wed, Nov 28, 2018",8:00p,Dallas Mavericks,128,Houston Rockets,108,Box Score,,"18,055",
"Wed, Nov 28, 2018",10:30p,Phoenix Suns,99,Los Angeles Clippers,115,Box Score,,"16,372",
"Wed, Nov 28, 2018",8:00p,Chicago Bulls,113,Milwaukee Bucks,116,Box Score,,"16,660",
"Wed, Nov 28, 2018",8:00p,San Antonio Spurs,89,Minnesota Timberwolves,128,Box Score,,"11,023",
"Wed, Nov 28, 2018",8:00p,Washington Wizards,104,New Orleans Pelicans,125,Box Score,,"13,570",
"Wed, Nov 28, 2018",8:00p,Cleveland Cavaliers,83,Oklahoma City Thunder,100,Box Score,,"18,203",
"Wed, Nov 28, 2018",7:00p,New York Knicks,91,Philadelphia 76ers,117,Box Score,,"20,274",
"Wed, Nov 28, 2018",10:00p,Orlando Magic,112,Portland Trail Blazers,115,Box Score,,"18,865",
"Thu, Nov 29, 2018",10:30p,Indiana Pacers,96,Los Angeles Lakers,104,Box Score,,"18,997",
"Thu, Nov 29, 2018",10:30p,Los Angeles Clippers,133,Sacramento Kings,121,Box Score,,"17,583",
"Thu, Nov 29, 2018",8:00p,Golden State Warriors,128,Toronto Raptors,131,Box Score,OT,"20,073",
"Fri, Nov 30, 2018",7:00p,Cleveland Cavaliers,95,Boston Celtics,128,Box Score,,"18,624",
"Fri, Nov 30, 2018",7:30p,Memphis Grizzlies,131,Brooklyn Nets,125,Box Score,2OT,"12,983",
"Fri, Nov 30, 2018",7:00p,Utah Jazz,119,Charlotte Hornets,111,Box Score,,"15,812",
"Fri, Nov 30, 2018",7:00p,Chicago Bulls,88,Detroit Pistons,107,Box Score,,"15,372",
"Fri, Nov 30, 2018",10:30p,Dallas Mavericks,103,Los Angeles Lakers,114,Box Score,,"18,997",
"Fri, Nov 30, 2018",8:00p,New Orleans Pelicans,101,Miami Heat,106,Box Score,,"19,600",
"Fri, Nov 30, 2018",8:00p,Atlanta Hawks,109,Oklahoma City Thunder,124,Box Score,,"18,203",
"Fri, Nov 30, 2018",7:00p,Washington Wizards,98,Philadelphia 76ers,123,Box Score,,"20,400",
"Fri, Nov 30, 2018",9:00p,Orlando Magic,99,Phoenix Suns,85,Box Score,,"13,228",
"Fri, Nov 30, 2018",10:30p,Denver Nuggets,113,Portland Trail Blazers,112,Box Score,,"19,459",
"Fri, Nov 30, 2018",8:00p,Houston Rockets,136,San Antonio Spurs,105,Box Score,,"18,354",
"Sat, Dec 1, 2018",8:00p,Toronto Raptors,,Cleveland Cavaliers,,,,,
"Sat, Dec 1, 2018",7:00p,Golden State Warriors,,Detroit Pistons,,,,,
"Sat, Dec 1, 2018",8:00p,Chicago Bulls,,Houston Rockets,,,,,
"Sat, Dec 1, 2018",8:00p,Boston Celtics,,Minnesota Timberwolves,,,,,
"Sat, Dec 1, 2018",5:00p,Milwaukee Bucks,,New York Knicks,,,,,
"Sat, Dec 1, 2018",10:00p,Indiana Pacers,,Sacramento Kings,,,,,
"Sat, Dec 1, 2018",7:00p,Brooklyn Nets,,Washington Wizards,,,,,
"Sun, Dec 2, 2018",5:00p,New Orleans Pelicans,,Charlotte Hornets,,,,,
"Sun, Dec 2, 2018",7:00p,Los Angeles Clippers,,Dallas Mavericks,,,,,
"Sun, Dec 2, 2018",3:30p,Phoenix Suns,,Los Angeles Lakers,,,,,
"Sun, Dec 2, 2018",6:00p,Utah Jazz,,Miami Heat,,,,,
"Sun, Dec 2, 2018",6:00p,Memphis Grizzlies,,Philadelphia 76ers,,,,,
"Sun, Dec 2, 2018",7:00p,Portland Trail Blazers,,San Antonio Spurs,,,,,
"Mon, Dec 3, 2018",7:30p,Golden State Warriors,,Atlanta Hawks,,,,,
"Mon, Dec 3, 2018",7:30p,Cleveland Cavaliers,,Brooklyn Nets,,,,,
"Mon, Dec 3, 2018",7:00p,Oklahoma City Thunder,,Detroit Pistons,,,,,
"Mon, Dec 3, 2018",8:00p,Houston Rockets,,Minnesota Timberwolves,,,,,
"Mon, Dec 3, 2018",8:00p,Los Angeles Clippers,,New Orleans Pelicans,,,,,
"Mon, Dec 3, 2018",7:30p,Washington Wizards,,New York Knicks,,,,,
"Mon, Dec 3, 2018",7:30p,Denver Nuggets,,Toronto Raptors,,,,,
"Tue, Dec 4, 2018",8:30p,Portland Trail Blazers,,Dallas Mavericks,,,,,
"Tue, Dec 4, 2018",7:00p,Chicago Bulls,,Indiana Pacers,,,,,
"Tue, Dec 4, 2018",7:30p,Orlando Magic,,Miami Heat,,,,,
"Tue, Dec 4, 2018",9:00p,Sacramento Kings,,Phoenix Suns,,,,,
"Tue, Dec 4, 2018",9:00p,San Antonio Spurs,,Utah Jazz,,,,,
"Wed, Dec 5, 2018",7:30p,Washington Wizards,,Atlanta Hawks,,,,,
"Wed, Dec 5, 2018",7:30p,Oklahoma City Thunder,,Brooklyn Nets,,,,,
"Wed, Dec 5, 2018",7:00p,Golden State Warriors,,Cleveland Cavaliers,,,,,
"Wed, Dec 5, 2018",10:30p,San Antonio Spurs,,Los Angeles Lakers,,,,,
"Wed, Dec 5, 2018",8:00p,Los Angeles Clippers,,Memphis Grizzlies,,,,,
"Wed, Dec 5, 2018",8:00p,Detroit Pistons,,Milwaukee Bucks,,,,,
"Wed, Dec 5, 2018",8:00p,Charlotte Hornets,,Minnesota Timberwolves,,,,,
"Wed, Dec 5, 2018",8:00p,Dallas Mavericks,,New Orleans Pelicans,,,,,
"Wed, Dec 5, 2018",7:00p,Denver Nuggets,,Orlando Magic,,,,,
"Wed, Dec 5, 2018",8:00p,Philadelphia 76ers,,Toronto Raptors,,,,,
"Thu, Dec 6, 2018",8:00p,New York Knicks,,Boston Celtics,,,,,
"Thu, Dec 6, 2018",10:00p,Phoenix Suns,,Portland Trail Blazers,,,,,
"Thu, Dec 6, 2018",10:30p,Houston Rockets,,Utah Jazz,,,,,
"Fri, Dec 7, 2018",7:30p,Toronto Raptors,,Brooklyn Nets,,,,,
"Fri, Dec 7, 2018",8:00p,Oklahoma City Thunder,,Chicago Bulls,,,,,
"Fri, Dec 7, 2018",7:00p,Denver Nuggets,,Charlotte Hornets,,,,,
"Fri, Dec 7, 2018",7:30p,Sacramento Kings,,Cleveland Cavaliers,,,,,
"Fri, Dec 7, 2018",7:00p,Philadelphia 76ers,,Detroit Pistons,,,,,
"Fri, Dec 7, 2018",9:30p,Golden State Warriors,,Milwaukee Bucks,,,,,
"Fri, Dec 7, 2018",8:00p,Memphis Grizzlies,,New Orleans Pelicans,,,,,
"Fri, Dec 7, 2018",7:00p,Indiana Pacers,,Orlando Magic,,,,,
"Fri, Dec 7, 2018",9:00p,Miami Heat,,Phoenix Suns,,,,,
"Fri, Dec 7, 2018",8:30p,Los Angeles Lakers,,San Antonio Spurs,,,,,
"Sat, Dec 8, 2018",7:30p,Denver Nuggets,,Atlanta Hawks,,,,,
"Sat, Dec 8, 2018",8:00p,Boston Celtics,,Chicago Bulls,,,,,
"Sat, Dec 8, 2018",7:30p,Washington Wizards,,Cleveland Cavaliers,,,,,
"Sat, Dec 8, 2018",6:00p,Houston Rockets,,Dallas Mavericks,,,,,
"Sat, Dec 8, 2018",7:00p,Sacramento Kings,,Indiana Pacers,,,,,
"Sat, Dec 8, 2018",10:30p,Miami Heat,,Los Angeles Clippers,,,,,
"Sat, Dec 8, 2018",8:00p,Los Angeles Lakers,,Memphis Grizzlies,,,,,
"Sat, Dec 8, 2018",7:30p,Brooklyn Nets,,New York Knicks,,,,,
"Sat, Dec 8, 2018",10:00p,Minnesota Timberwolves,,Portland Trail Blazers,,,,,
"Sun, Dec 9, 2018",3:30p,New Orleans Pelicans,,Detroit Pistons,,,,,
"Sun, Dec 9, 2018",7:30p,Charlotte Hornets,,New York Knicks,,,,,
"Sun, Dec 9, 2018",7:00p,Utah Jazz,,San Antonio Spurs,,,,,
"Sun, Dec 9, 2018",6:00p,Milwaukee Bucks,,Toronto Raptors,,,,,
"Mon, Dec 10, 2018",7:30p,New Orleans Pelicans,,Boston Celtics,,,,,
"Mon, Dec 10, 2018",8:00p,Sacramento Kings,,Chicago Bulls,,,,,
"Mon, Dec 10, 2018",8:30p,Orlando Magic,,Dallas Mavericks,,,,,
"Mon, Dec 10, 2018",9:00p,Memphis Grizzlies,,Denver Nuggets,,,,,
"Mon, Dec 10, 2018",10:30p,Minnesota Timberwolves,,Golden State Warriors,,,,,
"Mon, Dec 10, 2018",7:00p,Washington Wizards,,Indiana Pacers,,,,,
"Mon, Dec 10, 2018",10:30p,Miami Heat,,Los Angeles Lakers,,,,,
"Mon, Dec 10, 2018",8:00p,Cleveland Cavaliers,,Milwaukee Bucks,,,,,
"Mon, Dec 10, 2018",8:00p,Utah Jazz,,Oklahoma City Thunder,,,,,
"Mon, Dec 10, 2018",7:00p,Detroit Pistons,,Philadelphia 76ers,,,,,
"Mon, Dec 10, 2018",9:00p,Los Angeles Clippers,,Phoenix Suns,,,,,
"Tue, Dec 11, 2018",8:00p,Portland Trail Blazers,,Houston Rockets,,,,,
"Tue, Dec 11, 2018",10:30p,Toronto Raptors,,Los Angeles Clippers,,,,,
"Tue, Dec 11, 2018",8:30p,Phoenix Suns,,San Antonio Spurs,,,,,
"Wed, Dec 12, 2018",7:00p,Detroit Pistons,,Charlotte Hornets,,,,,
"Wed, Dec 12, 2018",7:00p,New York Knicks,,Cleveland Cavaliers,,,,,
"Wed, Dec 12, 2018",8:30p,Atlanta Hawks,,Dallas Mavericks,,,,,
"Wed, Dec 12, 2018",10:30p,Toronto Raptors,,Golden State Warriors,,,,,
"Wed, Dec 12, 2018",7:00p,Milwaukee Bucks,,Indiana Pacers,,,,,
"Wed, Dec 12, 2018",8:00p,Portland Trail Blazers,,Memphis Grizzlies,,,,,
"Wed, Dec 12, 2018",8:00p,Oklahoma City Thunder,,New Orleans Pelicans,,,,,
"Wed, Dec 12, 2018",7:00p,Brooklyn Nets,,Philadelphia 76ers,,,,,
"Wed, Dec 12, 2018",10:00p,Minnesota Timberwolves,,Sacramento Kings,,,,,
"Wed, Dec 12, 2018",9:00p,Miami Heat,,Utah Jazz,,,,,
"Wed, Dec 12, 2018",7:00p,Boston Celtics,,Washington Wizards,,,,,
"Thu, Dec 13, 2018",8:00p,Los Angeles Lakers,,Houston Rockets,,,,,
"Thu, Dec 13, 2018",9:30p,Chicago Bulls,,Orlando Magic,,,,,
"Thu, Dec 13, 2018",10:30p,Dallas Mavericks,,Phoenix Suns,,,,,
"Thu, Dec 13, 2018",8:30p,Los Angeles Clippers,,San Antonio Spurs,,,,,
"Fri, Dec 14, 2018",7:00p,Atlanta Hawks,,Boston Celtics,,,,,
"Fri, Dec 14, 2018",7:30p,Washington Wizards,,Brooklyn Nets,,,,,
"Fri, Dec 14, 2018",7:00p,New York Knicks,,Charlotte Hornets,,,,,
"Fri, Dec 14, 2018",7:30p,Milwaukee Bucks,,Cleveland Cavaliers,,,,,
"Fri, Dec 14, 2018",10:00p,Oklahoma City Thunder,,Denver Nuggets,,,,,
"Fri, Dec 14, 2018",8:00p,Miami Heat,,Memphis Grizzlies,,,,,
"Fri, Dec 14, 2018",7:30p,Indiana Pacers,,Philadelphia 76ers,,,,,
"Fri, Dec 14, 2018",10:00p,Toronto Raptors,,Portland Trail Blazers,,,,,
"Fri, Dec 14, 2018",10:00p,Golden State Warriors,,Sacramento Kings,,,,,
"Sat, Dec 15, 2018",7:00p,Los Angeles Lakers,,Charlotte Hornets,,,,,
"Sat, Dec 15, 2018",7:00p,Boston Celtics,,Detroit Pistons,,,,,
"Sat, Dec 15, 2018",8:00p,Houston Rockets,,Memphis Grizzlies,,,,,
"Sat, Dec 15, 2018",9:00p,Los Angeles Clippers,,Oklahoma City Thunder,,,,,
"Sat, Dec 15, 2018",5:00p,Utah Jazz,,Orlando Magic,,,,,
"Sat, Dec 15, 2018",9:00p,Minnesota Timberwolves,,Phoenix Suns,,,,,
"Sat, Dec 15, 2018",8:30p,Chicago Bulls,,San Antonio Spurs,,,,,
"Sun, Dec 16, 2018",3:00p,Atlanta Hawks,,Brooklyn Nets,,,,,
"Sun, Dec 16, 2018",3:30p,Philadelphia 76ers,,Cleveland Cavaliers,,,,,
"Sun, Dec 16, 2018",7:00p,Sacramento Kings,,Dallas Mavericks,,,,,
"Sun, Dec 16, 2018",8:00p,Toronto Raptors,,Denver Nuggets,,,,,
"Sun, Dec 16, 2018",5:00p,New York Knicks,,Indiana Pacers,,,,,
"Sun, Dec 16, 2018",7:00p,Miami Heat,,New Orleans Pelicans,,,,,
"Sun, Dec 16, 2018",6:00p,Los Angeles Lakers,,Washington Wizards,,,,,
"Mon, Dec 17, 2018",7:00p,Milwaukee Bucks,,Detroit Pistons,,,,,
"Mon, Dec 17, 2018",10:30p,Memphis Grizzlies,,Golden State Warriors,,,,,
"Mon, Dec 17, 2018",8:00p,Utah Jazz,,Houston Rockets,,,,,
"Mon, Dec 17, 2018",10:30p,Portland Trail Blazers,,Los Angeles Clippers,,,,,
"Mon, Dec 17, 2018",8:00p,Sacramento Kings,,Minnesota Timberwolves,,,,,
"Mon, Dec 17, 2018",7:30p,Phoenix Suns,,New York Knicks,,,,,
"Mon, Dec 17, 2018",8:00p,Chicago Bulls,,Oklahoma City Thunder,,,,,
"Mon, Dec 17, 2018",8:30p,Philadelphia 76ers,,San Antonio Spurs,,,,,
"Tue, Dec 18, 2018",7:30p,Washington Wizards,,Atlanta Hawks,,,,,
"Tue, Dec 18, 2018",7:30p,Los Angeles Lakers,,Brooklyn Nets,,,,,
"Tue, Dec 18, 2018",9:00p,Dallas Mavericks,,Denver Nuggets,,,,,
"Tue, Dec 18, 2018",7:00p,Cleveland Cavaliers,,Indiana Pacers,,,,,
"Wed, Dec 19, 2018",7:30p,Phoenix Suns,,Boston Celtics,,,,,
"Wed, Dec 19, 2018",8:00p,Brooklyn Nets,,Chicago Bulls,,,,,
"Wed, Dec 19, 2018",7:00p,Cleveland Cavaliers,,Charlotte Hornets,,,,,
"Wed, Dec 19, 2018",8:00p,Washington Wizards,,Houston Rockets,,,,,
"Wed, Dec 19, 2018",8:00p,New Orleans Pelicans,,Milwaukee Bucks,,,,,
"Wed, Dec 19, 2018",8:00p,Detroit Pistons,,Minnesota Timberwolves,,,,,
"Wed, Dec 19, 2018",7:00p,San Antonio Spurs,,Orlando Magic,,,,,
"Wed, Dec 19, 2018",7:00p,New York Knicks,,Philadelphia 76ers,,,,,
"Wed, Dec 19, 2018",10:00p,Memphis Grizzlies,,Portland Trail Blazers,,,,,
"Wed, Dec 19, 2018",10:00p,Oklahoma City Thunder,,Sacramento Kings,,,,,
"Wed, Dec 19, 2018",7:30p,Indiana Pacers,,Toronto Raptors,,,,,
"Wed, Dec 19, 2018",9:00p,Golden State Warriors,,Utah Jazz,,,,,
"Thu, Dec 20, 2018",10:30p,Dallas Mavericks,,Los Angeles Clippers,,,,,
"Thu, Dec 20, 2018",8:00p,Houston Rockets,,Miami Heat,,,,,
"Fri, Dec 21, 2018",8:00p,Milwaukee Bucks,,Boston Celtics,,,,,
"Fri, Dec 21, 2018",7:30p,Indiana Pacers,,Brooklyn Nets,,,,,
"Fri, Dec 21, 2018",8:00p,Orlando Magic,,Chicago Bulls,,,,,
"Fri, Dec 21, 2018",7:00p,Detroit Pistons,,Charlotte Hornets,,,,,
"Fri, Dec 21, 2018",10:30p,New Orleans Pelicans,,Los Angeles Lakers,,,,,
"Fri, Dec 21, 2018",7:30p,Atlanta Hawks,,New York Knicks,,,,,
"Fri, Dec 21, 2018",10:00p,Utah Jazz,,Portland Trail Blazers,,,,,
"Fri, Dec 21, 2018",10:00p,Memphis Grizzlies,,Sacramento Kings,,,,,
"Fri, Dec 21, 2018",8:30p,Minnesota Timberwolves,,San Antonio Spurs,,,,,
"Fri, Dec 21, 2018",7:00p,Cleveland Cavaliers,,Toronto Raptors,,,,,
"Sat, Dec 22, 2018",8:30p,Dallas Mavericks,,Golden State Warriors,,,,,
"Sat, Dec 22, 2018",8:00p,San Antonio Spurs,,Houston Rockets,,,,,
"Sat, Dec 22, 2018",5:00p,Denver Nuggets,,Los Angeles Clippers,,,,,
"Sat, Dec 22, 2018",8:00p,Milwaukee Bucks,,Miami Heat,,,,,
"Sat, Dec 22, 2018",7:30p,Toronto Raptors,,Philadelphia 76ers,,,,,
"Sat, Dec 22, 2018",9:00p,Oklahoma City Thunder,,Utah Jazz,,,,,
"Sat, Dec 22, 2018",7:00p,Phoenix Suns,,Washington Wizards,,,,,
"Sun, Dec 23, 2018",6:00p,Charlotte Hornets,,Boston Celtics,,,,,
"Sun, Dec 23, 2018",6:00p,Phoenix Suns,,Brooklyn Nets,,,,,
"Sun, Dec 23, 2018",6:00p,Chicago Bulls,,Cleveland Cavaliers,,,,,
"Sun, Dec 23, 2018",4:00p,Atlanta Hawks,,Detroit Pistons,,,,,
"Sun, Dec 23, 2018",8:30p,Los Angeles Clippers,,Golden State Warriors,,,,,
"Sun, Dec 23, 2018",5:00p,Washington Wizards,,Indiana Pacers,,,,,
"Sun, Dec 23, 2018",9:30p,Memphis Grizzlies,,Los Angeles Lakers,,,,,
"Sun, Dec 23, 2018",8:00p,Minnesota Timberwolves,,Oklahoma City Thunder,,,,,
"Sun, Dec 23, 2018",6:00p,Miami Heat,,Orlando Magic,,,,,
"Sun, Dec 23, 2018",9:00p,Dallas Mavericks,,Portland Trail Blazers,,,,,
"Sun, Dec 23, 2018",6:00p,New Orleans Pelicans,,Sacramento Kings,,,,,
"Tue, Dec 25, 2018",5:30p,Philadelphia 76ers,,Boston Celtics,,,,,
"Tue, Dec 25, 2018",8:00p,Los Angeles Lakers,,Golden State Warriors,,,,,
"Tue, Dec 25, 2018",3:00p,Oklahoma City Thunder,,Houston Rockets,,,,,
"Tue, Dec 25, 2018",12:00p,Milwaukee Bucks,,New York Knicks,,,,,
"Tue, Dec 25, 2018",10:30p,Portland Trail Blazers,,Utah Jazz,,,,,
"Wed, Dec 26, 2018",7:30p,Indiana Pacers,,Atlanta Hawks,,,,,
"Wed, Dec 26, 2018",7:30p,Charlotte Hornets,,Brooklyn Nets,,,,,
"Wed, Dec 26, 2018",8:00p,Minnesota Timberwolves,,Chicago Bulls,,,,,
"Wed, Dec 26, 2018",8:30p,New Orleans Pelicans,,Dallas Mavericks,,,,,
"Wed, Dec 26, 2018",7:00p,Washington Wizards,,Detroit Pistons,,,,,
"Wed, Dec 26, 2018",10:30p,Sacramento Kings,,Los Angeles Clippers,,,,,
"Wed, Dec 26, 2018",8:00p,Cleveland Cavaliers,,Memphis Grizzlies,,,,,
"Wed, Dec 26, 2018",7:30p,Toronto Raptors,,Miami Heat,,,,,
"Wed, Dec 26, 2018",7:00p,Phoenix Suns,,Orlando Magic,,,,,
"Wed, Dec 26, 2018",8:30p,Denver Nuggets,,San Antonio Spurs,,,,,
"Thu, Dec 27, 2018",10:30p,Portland Trail Blazers,,Golden State Warriors,,,,,
"Thu, Dec 27, 2018",8:00p,Boston Celtics,,Houston Rockets,,,,,
"Thu, Dec 27, 2018",8:00p,New York Knicks,,Milwaukee Bucks,,,,,
"Thu, Dec 27, 2018",10:00p,Los Angeles Lakers,,Sacramento Kings,,,,,
"Thu, Dec 27, 2018",10:30p,Philadelphia 76ers,,Utah Jazz,,,,,
"Fri, Dec 28, 2018",7:00p,Brooklyn Nets,,Charlotte Hornets,,,,,
"Fri, Dec 28, 2018",9:00p,San Antonio Spurs,,Denver Nuggets,,,,,
"Fri, Dec 28, 2018",7:00p,Detroit Pistons,,Indiana Pacers,,,,,
"Fri, Dec 28, 2018",10:30p,Los Angeles Clippers,,Los Angeles Lakers,,,,,
"Fri, Dec 28, 2018",8:00p,Cleveland Cavaliers,,Miami Heat,,,,,
"Fri, Dec 28, 2018",8:00p,Atlanta Hawks,,Minnesota Timberwolves,,,,,
"Fri, Dec 28, 2018",8:00p,Dallas Mavericks,,New Orleans Pelicans,,,,,
"Fri, Dec 28, 2018",7:00p,Toronto Raptors,,Orlando Magic,,,,,
"Fri, Dec 28, 2018",9:00p,Oklahoma City Thunder,,Phoenix Suns,,,,,
"Fri, Dec 28, 2018",7:00p,Chicago Bulls,,Washington Wizards,,,,,
"Sat, Dec 29, 2018",7:30p,Cleveland Cavaliers,,Atlanta Hawks,,,,,
"Sat, Dec 29, 2018",10:30p,San Antonio Spurs,,Los Angeles Clippers,,,,,
"Sat, Dec 29, 2018",8:00p,Boston Celtics,,Memphis Grizzlies,,,,,
"Sat, Dec 29, 2018",5:00p,Brooklyn Nets,,Milwaukee Bucks,,,,,
"Sat, Dec 29, 2018",7:00p,Houston Rockets,,New Orleans Pelicans,,,,,
"Sat, Dec 29, 2018",9:00p,Denver Nuggets,,Phoenix Suns,,,,,
"Sat, Dec 29, 2018",10:00p,Golden State Warriors,,Portland Trail Blazers,,,,,
"Sat, Dec 29, 2018",8:00p,New York Knicks,,Utah Jazz,,,,,
"Sat, Dec 29, 2018",7:00p,Charlotte Hornets,,Washington Wizards,,,,,
"Sun, Dec 30, 2018",7:00p,Oklahoma City Thunder,,Dallas Mavericks,,,,,
"Sun, Dec 30, 2018",9:30p,Sacramento Kings,,Los Angeles Lakers,,,,,
"Sun, Dec 30, 2018",6:00p,Minnesota Timberwolves,,Miami Heat,,,,,
"Sun, Dec 30, 2018",3:30p,Detroit Pistons,,Orlando Magic,,,,,
"Sun, Dec 30, 2018",9:00p,Philadelphia 76ers,,Portland Trail Blazers,,,,,
"Sun, Dec 30, 2018",6:00p,Chicago Bulls,,Toronto Raptors,,,,,
"Mon, Dec 31, 2018",6:00p,Orlando Magic,,Charlotte Hornets,,,,,
"Mon, Dec 31, 2018",7:00p,Memphis Grizzlies,,Houston Rockets,,,,,
"Mon, Dec 31, 2018",3:00p,Atlanta Hawks,,Indiana Pacers,,,,,
"Mon, Dec 31, 2018",8:00p,Minnesota Timberwolves,,New Orleans Pelicans,,,,,
"Mon, Dec 31, 2018",8:00p,Dallas Mavericks,,Oklahoma City Thunder,,,,,
"Mon, Dec 31, 2018",9:00p,Golden State Warriors,,Phoenix Suns,,,,,
"Mon, Dec 31, 2018",7:00p,Boston Celtics,,San Antonio Spurs,,,,,
"Tue, Jan 1, 2019",9:00p,New York Knicks,,Denver Nuggets,,,,,
"Tue, Jan 1, 2019",10:30p,Philadelphia 76ers,,Los Angeles Clippers,,,,,
"Tue, Jan 1, 2019",8:00p,Detroit Pistons,,Milwaukee Bucks,,,,,
"Tue, Jan 1, 2019",9:00p,Portland Trail Blazers,,Sacramento Kings,,,,,
"Tue, Jan 1, 2019",7:30p,Utah Jazz,,Toronto Raptors,,,,,
"Wed, Jan 2, 2019",8:00p,Minnesota Timberwolves,,Boston Celtics,,,,,
"Wed, Jan 2, 2019",7:30p,New Orleans Pelicans,,Brooklyn Nets,,,,,
"Wed, Jan 2, 2019",8:00p,Orlando Magic,,Chicago Bulls,,,,,
"Wed, Jan 2, 2019",7:00p,Dallas Mavericks,,Charlotte Hornets,,,,,
"Wed, Jan 2, 2019",7:00p,Miami Heat,,Cleveland Cavaliers,,,,,
"Wed, Jan 2, 2019",10:30p,Oklahoma City Thunder,,Los Angeles Lakers,,,,,
"Wed, Jan 2, 2019",8:00p,Detroit Pistons,,Memphis Grizzlies,,,,,
"Wed, Jan 2, 2019",9:00p,Philadelphia 76ers,,Phoenix Suns,,,,,
"Wed, Jan 2, 2019",7:00p,Atlanta Hawks,,Washington Wizards,,,,,
"Thu, Jan 3, 2019",10:30p,Houston Rockets,,Golden State Warriors,,,,,
"Thu, Jan 3, 2019",10:00p,Denver Nuggets,,Sacramento Kings,,,,,
"Thu, Jan 3, 2019",8:00p,Toronto Raptors,,San Antonio Spurs,,,,,
"Fri, Jan 4, 2019",7:30p,Dallas Mavericks,,Boston Celtics,,,,,
"Fri, Jan 4, 2019",8:00p,Indiana Pacers,,Chicago Bulls,,,,,
"Fri, Jan 4, 2019",7:30p,Utah Jazz,,Cleveland Cavaliers,,,,,
"Fri, Jan 4, 2019",10:30p,New York Knicks,,Los Angeles Lakers,,,,,
"Fri, Jan 4, 2019",8:00p,Brooklyn Nets,,Memphis Grizzlies,,,,,
"Fri, Jan 4, 2019",8:00p,Washington Wizards,,Miami Heat,,,,,
"Fri, Jan 4, 2019",8:30p,Atlanta Hawks,,Milwaukee Bucks,,,,,
"Fri, Jan 4, 2019",8:00p,Orlando Magic,,Minnesota Timberwolves,,,,,
"Fri, Jan 4, 2019",9:00p,Los Angeles Clippers,,Phoenix Suns,,,,,
"Fri, Jan 4, 2019",10:30p,Oklahoma City Thunder,,Portland Trail Blazers,,,,,
"Sat, Jan 5, 2019",8:00p,New Orleans Pelicans,,Cleveland Cavaliers,,,,,
"Sat, Jan 5, 2019",5:00p,Charlotte Hornets,,Denver Nuggets,,,,,
"Sat, Jan 5, 2019",7:00p,Utah Jazz,,Detroit Pistons,,,,,
"Sat, Jan 5, 2019",8:30p,Toronto Raptors,,Milwaukee Bucks,,,,,
"Sat, Jan 5, 2019",7:30p,Dallas Mavericks,,Philadelphia 76ers,,,,,
"Sat, Jan 5, 2019",10:00p,Houston Rockets,,Portland Trail Blazers,,,,,
"Sat, Jan 5, 2019",10:00p,Golden State Warriors,,Sacramento Kings,,,,,
"Sat, Jan 5, 2019",8:30p,Memphis Grizzlies,,San Antonio Spurs,,,,,
"Sun, Jan 6, 2019",6:00p,Miami Heat,,Atlanta Hawks,,,,,
"Sun, Jan 6, 2019",3:30p,Brooklyn Nets,,Chicago Bulls,,,,,
"Sun, Jan 6, 2019",3:30p,Orlando Magic,,Los Angeles Clippers,,,,,
"Sun, Jan 6, 2019",3:30p,Los Angeles Lakers,,Minnesota Timberwolves,,,,,
"Sun, Jan 6, 2019",7:00p,Washington Wizards,,Oklahoma City Thunder,,,,,
"Sun, Jan 6, 2019",8:00p,Charlotte Hornets,,Phoenix Suns,,,,,
"Sun, Jan 6, 2019",7:30p,Indiana Pacers,,Toronto Raptors,,,,,
"Mon, Jan 7, 2019",7:30p,Brooklyn Nets,,Boston Celtics,,,,,
"Mon, Jan 7, 2019",8:30p,Los Angeles Lakers,,Dallas Mavericks,,,,,
"Mon, Jan 7, 2019",7:00p,San Antonio Spurs,,Detroit Pistons,,,,,
"Mon, Jan 7, 2019",8:00p,Denver Nuggets,,Houston Rockets,,,,,
"Mon, Jan 7, 2019",8:00p,Utah Jazz,,Milwaukee Bucks,,,,,
"Mon, Jan 7, 2019",8:00p,Memphis Grizzlies,,New Orleans Pelicans,,,,,
"Mon, Jan 7, 2019",10:00p,New York Knicks,,Portland Trail Blazers,,,,,
"Mon, Jan 7, 2019",10:00p,Orlando Magic,,Sacramento Kings,,,,,
"Tue, Jan 8, 2019",7:00p,Indiana Pacers,,Cleveland Cavaliers,,,,,
"Tue, Jan 8, 2019",10:30p,New York Knicks,,Golden State Warriors,,,,,
"Tue, Jan 8, 2019",10:30p,Charlotte Hornets,,Los Angeles Clippers,,,,,
"Tue, Jan 8, 2019",7:30p,Denver Nuggets,,Miami Heat,,,,,
"Tue, Jan 8, 2019",8:00p,Minnesota Timberwolves,,Oklahoma City Thunder,,,,,
"Tue, Jan 8, 2019",7:00p,Washington Wizards,,Philadelphia 76ers,,,,,
"Tue, Jan 8, 2019",9:00p,Sacramento Kings,,Phoenix Suns,,,,,
"Tue, Jan 8, 2019",7:30p,Atlanta Hawks,,Toronto Raptors,,,,,
"Wed, Jan 9, 2019",7:00p,Indiana Pacers,,Boston Celtics,,,,,
"Wed, Jan 9, 2019",7:30p,Atlanta Hawks,,Brooklyn Nets,,,,,
"Wed, Jan 9, 2019",8:30p,Phoenix Suns,,Dallas Mavericks,,,,,
"Wed, Jan 9, 2019",8:00p,Milwaukee Bucks,,Houston Rockets,,,,,
"Wed, Jan 9, 2019",10:30p,Detroit Pistons,,Los Angeles Lakers,,,,,
"Wed, Jan 9, 2019",8:00p,San Antonio Spurs,,Memphis Grizzlies,,,,,
"Wed, Jan 9, 2019",8:00p,Cleveland Cavaliers,,New Orleans Pelicans,,,,,
"Wed, Jan 9, 2019",10:00p,Chicago Bulls,,Portland Trail Blazers,,,,,
"Wed, Jan 9, 2019",9:00p,Orlando Magic,,Utah Jazz,,,,,
"Wed, Jan 9, 2019",7:00p,Philadelphia 76ers,,Washington Wizards,,,,,
"Thu, Jan 10, 2019",9:00p,Los Angeles Clippers,,Denver Nuggets,,,,,
"Thu, Jan 10, 2019",7:00p,Boston Celtics,,Miami Heat,,,,,
"Thu, Jan 10, 2019",10:00p,Detroit Pistons,,Sacramento Kings,,,,,
"Thu, Jan 10, 2019",9:30p,Oklahoma City Thunder,,San Antonio Spurs,,,,,
"Fri, Jan 11, 2019",10:30p,Chicago Bulls,,Golden State Warriors,,,,,
"Fri, Jan 11, 2019",8:00p,Cleveland Cavaliers,,Houston Rockets,,,,,
"Fri, Jan 11, 2019",8:00p,Dallas Mavericks,,Minnesota Timberwolves,,,,,
"Fri, Jan 11, 2019",7:30p,Indiana Pacers,,New York Knicks,,,,,
"Fri, Jan 11, 2019",7:00p,Atlanta Hawks,,Philadelphia 76ers,,,,,
"Fri, Jan 11, 2019",10:00p,Charlotte Hornets,,Portland Trail Blazers,,,,,
"Fri, Jan 11, 2019",7:30p,Brooklyn Nets,,Toronto Raptors,,,,,
"Fri, Jan 11, 2019",10:00p,Los Angeles Lakers,,Utah Jazz,,,,,
"Fri, Jan 11, 2019",7:00p,Milwaukee Bucks,,Washington Wizards,,,,,
"Sat, Jan 12, 2019",3:30p,Detroit Pistons,,Los Angeles Clippers,,,,,
"Sat, Jan 12, 2019",5:00p,Memphis Grizzlies,,Miami Heat,,,,,
"Sat, Jan 12, 2019",8:00p,New Orleans Pelicans,,Minnesota Timberwolves,,,,,
"Sat, Jan 12, 2019",8:00p,San Antonio Spurs,,Oklahoma City Thunder,,,,,
"Sat, Jan 12, 2019",7:00p,Boston Celtics,,Orlando Magic,,,,,
"Sat, Jan 12, 2019",9:00p,Denver Nuggets,,Phoenix Suns,,,,,
"Sat, Jan 12, 2019",10:00p,Charlotte Hornets,,Sacramento Kings,,,,,
"Sat, Jan 12, 2019",10:00p,Chicago Bulls,,Utah Jazz,,,,,
"Sun, Jan 13, 2019",3:30p,Milwaukee Bucks,,Atlanta Hawks,,,,,
"Sun, Jan 13, 2019",7:00p,Golden State Warriors,,Dallas Mavericks,,,,,
"Sun, Jan 13, 2019",8:00p,Portland Trail Blazers,,Denver Nuggets,,,,,
"Sun, Jan 13, 2019",9:30p,Cleveland Cavaliers,,Los Angeles Lakers,,,,,
"Sun, Jan 13, 2019",1:00p,Philadelphia 76ers,,New York Knicks,,,,,
"Sun, Jan 13, 2019",6:00p,Houston Rockets,,Orlando Magic,,,,,
"Sun, Jan 13, 2019",1:00p,Toronto Raptors,,Washington Wizards,,,,,
"Mon, Jan 14, 2019",7:30p,Boston Celtics,,Brooklyn Nets,,,,,
"Mon, Jan 14, 2019",8:00p,Memphis Grizzlies,,Houston Rockets,,,,,
"Mon, Jan 14, 2019",10:30p,New Orleans Pelicans,,Los Angeles Clippers,,,,,
"Mon, Jan 14, 2019",10:00p,Portland Trail Blazers,,Sacramento Kings,,,,,
"Mon, Jan 14, 2019",8:30p,Charlotte Hornets,,San Antonio Spurs,,,,,
"Mon, Jan 14, 2019",9:00p,Detroit Pistons,,Utah Jazz,,,,,
"Tue, Jan 15, 2019",7:30p,Oklahoma City Thunder,,Atlanta Hawks,,,,,
"Tue, Jan 15, 2019",9:00p,Golden State Warriors,,Denver Nuggets,,,,,
"Tue, Jan 15, 2019",7:00p,Phoenix Suns,,Indiana Pacers,,,,,
"Tue, Jan 15, 2019",10:30p,Chicago Bulls,,Los Angeles Lakers,,,,,
"Tue, Jan 15, 2019",8:00p,Miami Heat,,Milwaukee Bucks,,,,,
"Tue, Jan 15, 2019",7:00p,Minnesota Timberwolves,,Philadelphia 76ers,,,,,
"Wed, Jan 16, 2019",8:00p,Toronto Raptors,,Boston Celtics,,,,,
"Wed, Jan 16, 2019",8:30p,San Antonio Spurs,,Dallas Mavericks,,,,,
"Wed, Jan 16, 2019",7:00p,Orlando Magic,,Detroit Pistons,,,,,
"Wed, Jan 16, 2019",10:30p,New Orleans Pelicans,,Golden State Warriors,,,,,
"Wed, Jan 16, 2019",8:00p,Brooklyn Nets,,Houston Rockets,,,,,
"Wed, Jan 16, 2019",10:30p,Utah Jazz,,Los Angeles Clippers,,,,,
"Wed, Jan 16, 2019",8:00p,Milwaukee Bucks,,Memphis Grizzlies,,,,,
"Wed, Jan 16, 2019",10:00p,Cleveland Cavaliers,,Portland Trail Blazers,,,,,
"Thu, Jan 17, 2019",7:00p,Sacramento Kings,,Charlotte Hornets,,,,,
"Thu, Jan 17, 2019",9:00p,Chicago Bulls,,Denver Nuggets,,,,,
"Thu, Jan 17, 2019",7:00p,Philadelphia 76ers,,Indiana Pacers,,,,,
"Thu, Jan 17, 2019",9:30p,Los Angeles Lakers,,Oklahoma City Thunder,,,,,
"Thu, Jan 17, 2019",7:30p,Phoenix Suns,,Toronto Raptors,,,,,
"Thu, Jan 17, 2019",3:00p,New York Knicks,,Washington Wizards,,,,,
"Fri, Jan 18, 2019",7:00p,Memphis Grizzlies,,Boston Celtics,,,,,
"Fri, Jan 18, 2019",7:00p,Miami Heat,,Detroit Pistons,,,,,
"Fri, Jan 18, 2019",10:30p,Golden State Warriors,,Los Angeles Clippers,,,,,
"Fri, Jan 18, 2019",8:00p,San Antonio Spurs,,Minnesota Timberwolves,,,,,
"Fri, Jan 18, 2019",7:00p,Brooklyn Nets,,Orlando Magic,,,,,
"Fri, Jan 18, 2019",10:30p,New Orleans Pelicans,,Portland Trail Blazers,,,,,
"Fri, Jan 18, 2019",9:00p,Cleveland Cavaliers,,Utah Jazz,,,,,
"Sat, Jan 19, 2019",7:30p,Boston Celtics,,Atlanta Hawks,,,,,
"Sat, Jan 19, 2019",8:00p,Miami Heat,,Chicago Bulls,,,,,
"Sat, Jan 19, 2019",5:00p,Phoenix Suns,,Charlotte Hornets,,,,,
"Sat, Jan 19, 2019",10:00p,Cleveland Cavaliers,,Denver Nuggets,,,,,
"Sat, Jan 19, 2019",7:00p,Sacramento Kings,,Detroit Pistons,,,,,
"Sat, Jan 19, 2019",8:30p,Los Angeles Lakers,,Houston Rockets,,,,,
"Sat, Jan 19, 2019",7:00p,Dallas Mavericks,,Indiana Pacers,,,,,
"Sat, Jan 19, 2019",7:00p,Milwaukee Bucks,,Orlando Magic,,,,,
"Sat, Jan 19, 2019",3:30p,Oklahoma City Thunder,,Philadelphia 76ers,,,,,
"Sat, Jan 19, 2019",7:30p,Memphis Grizzlies,,Toronto Raptors,,,,,
"Sun, Jan 20, 2019",6:00p,Charlotte Hornets,,Indiana Pacers,,,,,
"Sun, Jan 20, 2019",7:00p,Phoenix Suns,,Minnesota Timberwolves,,,,,
"Sun, Jan 20, 2019",7:00p,Los Angeles Clippers,,San Antonio Spurs,,,,,
"Mon, Jan 21, 2019",3:00p,Orlando Magic,,Atlanta Hawks,,,,,
"Mon, Jan 21, 2019",6:00p,Miami Heat,,Boston Celtics,,,,,
"Mon, Jan 21, 2019",3:30p,Sacramento Kings,,Brooklyn Nets,,,,,
"Mon, Jan 21, 2019",1:00p,Chicago Bulls,,Cleveland Cavaliers,,,,,
"Mon, Jan 21, 2019",10:30p,Golden State Warriors,,Los Angeles Lakers,,,,,
"Mon, Jan 21, 2019",5:30p,New Orleans Pelicans,,Memphis Grizzlies,,,,,
"Mon, Jan 21, 2019",2:00p,Dallas Mavericks,,Milwaukee Bucks,,,,,
"Mon, Jan 21, 2019",12:30p,Oklahoma City Thunder,,New York Knicks,,,,,
"Mon, Jan 21, 2019",8:00p,Houston Rockets,,Philadelphia 76ers,,,,,
"Mon, Jan 21, 2019",9:00p,Portland Trail Blazers,,Utah Jazz,,,,,
"Mon, Jan 21, 2019",2:00p,Detroit Pistons,,Washington Wizards,,,,,
"Tue, Jan 22, 2019",8:30p,Los Angeles Clippers,,Dallas Mavericks,,,,,
"Tue, Jan 22, 2019",8:00p,Portland Trail Blazers,,Oklahoma City Thunder,,,,,
"Tue, Jan 22, 2019",9:00p,Minnesota Timberwolves,,Phoenix Suns,,,,,
"Tue, Jan 22, 2019",7:00p,Sacramento Kings,,Toronto Raptors,,,,,
"Wed, Jan 23, 2019",7:30p,Cleveland Cavaliers,,Boston Celtics,,,,,
"Wed, Jan 23, 2019",7:30p,Orlando Magic,,Brooklyn Nets,,,,,
"Wed, Jan 23, 2019",8:00p,Atlanta Hawks,,Chicago Bulls,,,,,
"Wed, Jan 23, 2019",7:00p,Toronto Raptors,,Indiana Pacers,,,,,
"Wed, Jan 23, 2019",8:00p,Charlotte Hornets,,Memphis Grizzlies,,,,,
"Wed, Jan 23, 2019",7:30p,Los Angeles Clippers,,Miami Heat,,,,,
"Wed, Jan 23, 2019",8:00p,Detroit Pistons,,New Orleans Pelicans,,,,,
"Wed, Jan 23, 2019",7:30p,Houston Rockets,,New York Knicks,,,,,
"Wed, Jan 23, 2019",8:00p,San Antonio Spurs,,Philadelphia 76ers,,,,,
"Wed, Jan 23, 2019",10:30p,Denver Nuggets,,Utah Jazz,,,,,
"Thu, Jan 24, 2019",10:30p,Minnesota Timberwolves,,Los Angeles Lakers,,,,,
"Thu, Jan 24, 2019",8:00p,New Orleans Pelicans,,Oklahoma City Thunder,,,,,
"Thu, Jan 24, 2019",9:00p,Portland Trail Blazers,,Phoenix Suns,,,,,
"Thu, Jan 24, 2019",8:00p,Golden State Warriors,,Washington Wizards,,,,,
"Fri, Jan 25, 2019",7:30p,New York Knicks,,Brooklyn Nets,,,,,
"Fri, Jan 25, 2019",8:00p,Los Angeles Clippers,,Chicago Bulls,,,,,
"Fri, Jan 25, 2019",7:30p,Miami Heat,,Cleveland Cavaliers,,,,,
"Fri, Jan 25, 2019",8:30p,Detroit Pistons,,Dallas Mavericks,,,,,
"Fri, Jan 25, 2019",9:00p,Phoenix Suns,,Denver Nuggets,,,,,
"Fri, Jan 25, 2019",8:00p,Toronto Raptors,,Houston Rockets,,,,,
"Fri, Jan 25, 2019",8:00p,Sacramento Kings,,Memphis Grizzlies,,,,,
"Fri, Jan 25, 2019",8:30p,Charlotte Hornets,,Milwaukee Bucks,,,,,
"Fri, Jan 25, 2019",7:00p,Washington Wizards,,Orlando Magic,,,,,
"Fri, Jan 25, 2019",9:00p,Minnesota Timberwolves,,Utah Jazz,,,,,
"Sat, Jan 26, 2019",8:30p,Golden State Warriors,,Boston Celtics,,,,,
"Sat, Jan 26, 2019",9:00p,Philadelphia 76ers,,Denver Nuggets,,,,,
"Sat, Jan 26, 2019",8:00p,Indiana Pacers,,Memphis Grizzlies,,,,,
"Sat, Jan 26, 2019",6:00p,San Antonio Spurs,,New Orleans Pelicans,,,,,
"Sat, Jan 26, 2019",10:00p,Atlanta Hawks,,Portland Trail Blazers,,,,,
"Sun, Jan 27, 2019",3:30p,Cleveland Cavaliers,,Chicago Bulls,,,,,
"Sun, Jan 27, 2019",7:00p,Toronto Raptors,,Dallas Mavericks,,,,,
"Sun, Jan 27, 2019",7:00p,Orlando Magic,,Houston Rockets,,,,,
"Sun, Jan 27, 2019",3:30p,Sacramento Kings,,Los Angeles Clippers,,,,,
"Sun, Jan 27, 2019",9:30p,Phoenix Suns,,Los Angeles Lakers,,,,,
"Sun, Jan 27, 2019",7:00p,Utah Jazz,,Minnesota Timberwolves,,,,,
"Sun, Jan 27, 2019",7:30p,Miami Heat,,New York Knicks,,,,,
"Sun, Jan 27, 2019",6:00p,Milwaukee Bucks,,Oklahoma City Thunder,,,,,
"Sun, Jan 27, 2019",7:00p,Washington Wizards,,San Antonio Spurs,,,,,
"Mon, Jan 28, 2019",7:30p,Brooklyn Nets,,Boston Celtics,,,,,
"Mon, Jan 28, 2019",7:00p,New York Knicks,,Charlotte Hornets,,,,,
"Mon, Jan 28, 2019",7:00p,Golden State Warriors,,Indiana Pacers,,,,,
"Mon, Jan 28, 2019",10:30p,Atlanta Hawks,,Los Angeles Clippers,,,,,
"Mon, Jan 28, 2019",8:00p,Denver Nuggets,,Memphis Grizzlies,,,,,
"Tue, Jan 29, 2019",7:30p,Chicago Bulls,,Brooklyn Nets,,,,,
"Tue, Jan 29, 2019",7:00p,Washington Wizards,,Cleveland Cavaliers,,,,,
"Tue, Jan 29, 2019",7:00p,Milwaukee Bucks,,Detroit Pistons,,,,,
"Tue, Jan 29, 2019",8:00p,New Orleans Pelicans,,Houston Rockets,,,,,
"Tue, Jan 29, 2019",10:30p,Philadelphia 76ers,,Los Angeles Lakers,,,,,
"Tue, Jan 29, 2019",7:00p,Oklahoma City Thunder,,Orlando Magic,,,,,
"Tue, Jan 29, 2019",8:30p,Phoenix Suns,,San Antonio Spurs,,,,,
"Wed, Jan 30, 2019",7:30p,Charlotte Hornets,,Boston Celtics,,,,,
"Wed, Jan 30, 2019",7:30p,Chicago Bulls,,Miami Heat,,,,,
"Wed, Jan 30, 2019",8:00p,Memphis Grizzlies,,Minnesota Timberwolves,,,,,
"Wed, Jan 30, 2019",8:00p,Denver Nuggets,,New Orleans Pelicans,,,,,
"Wed, Jan 30, 2019",7:30p,Dallas Mavericks,,New York Knicks,,,,,
"Wed, Jan 30, 2019",10:30p,Utah Jazz,,Portland Trail Blazers,,,,,
"Wed, Jan 30, 2019",10:00p,Atlanta Hawks,,Sacramento Kings,,,,,
"Wed, Jan 30, 2019",8:00p,Indiana Pacers,,Washington Wizards,,,,,
"Thu, Jan 31, 2019",7:00p,Dallas Mavericks,,Detroit Pistons,,,,,
"Thu, Jan 31, 2019",10:30p,Philadelphia 76ers,,Golden State Warriors,,,,,
"Thu, Jan 31, 2019",10:30p,Los Angeles Lakers,,Los Angeles Clippers,,,,,
"Thu, Jan 31, 2019",7:00p,Indiana Pacers,,Orlando Magic,,,,,
"Thu, Jan 31, 2019",8:30p,Brooklyn Nets,,San Antonio Spurs,,,,,
"Thu, Jan 31, 2019",8:00p,Milwaukee Bucks,,Toronto Raptors,,,,,
"Fri, Feb 1, 2019",7:00p,Memphis Grizzlies,,Charlotte Hornets,,,,,
"Fri, Feb 1, 2019",10:00p,Houston Rockets,,Denver Nuggets,,,,,
"Fri, Feb 1, 2019",8:00p,Oklahoma City Thunder,,Miami Heat,,,,,
"Fri, Feb 1, 2019",7:30p,Boston Celtics,,New York Knicks,,,,,
"Fri, Feb 1, 2019",9:00p,Atlanta Hawks,,Utah Jazz,,,,,
"Sat, Feb 2, 2019",7:00p,Chicago Bulls,,Charlotte Hornets,,,,,
"Sat, Feb 2, 2019",7:30p,Dallas Mavericks,,Cleveland Cavaliers,,,,,
"Sat, Feb 2, 2019",5:00p,Los Angeles Clippers,,Detroit Pistons,,,,,
"Sat, Feb 2, 2019",8:30p,Los Angeles Lakers,,Golden State Warriors,,,,,
"Sat, Feb 2, 2019",7:30p,Indiana Pacers,,Miami Heat,,,,,
"Sat, Feb 2, 2019",9:00p,Denver Nuggets,,Minnesota Timberwolves,,,,,
"Sat, Feb 2, 2019",7:00p,Brooklyn Nets,,Orlando Magic,,,,,
"Sat, Feb 2, 2019",9:00p,Atlanta Hawks,,Phoenix Suns,,,,,
"Sat, Feb 2, 2019",10:00p,Philadelphia 76ers,,Sacramento Kings,,,,,
"Sat, Feb 2, 2019",8:30p,New Orleans Pelicans,,San Antonio Spurs,,,,,
"Sat, Feb 2, 2019",9:00p,Houston Rockets,,Utah Jazz,,,,,
"Sat, Feb 2, 2019",7:00p,Milwaukee Bucks,,Washington Wizards,,,,,
"Sun, Feb 3, 2019",2:00p,Oklahoma City Thunder,,Boston Celtics,,,,,
"Sun, Feb 3, 2019",1:00p,Memphis Grizzlies,,New York Knicks,,,,,
"Sun, Feb 3, 2019",3:00p,Los Angeles Clippers,,Toronto Raptors,,,,,
"Mon, Feb 4, 2019",7:30p,Milwaukee Bucks,,Brooklyn Nets,,,,,
"Mon, Feb 4, 2019",7:00p,Denver Nuggets,,Detroit Pistons,,,,,
"Mon, Feb 4, 2019",8:00p,Indiana Pacers,,New Orleans Pelicans,,,,,
"Mon, Feb 4, 2019",9:00p,Houston Rockets,,Phoenix Suns,,,,,
"Mon, Feb 4, 2019",10:00p,San Antonio Spurs,,Sacramento Kings,,,,,
"Mon, Feb 4, 2019",7:00p,Atlanta Hawks,,Washington Wizards,,,,,
"Tue, Feb 5, 2019",7:00p,Los Angeles Clippers,,Charlotte Hornets,,,,,
"Tue, Feb 5, 2019",7:00p,Boston Celtics,,Cleveland Cavaliers,,,,,
"Tue, Feb 5, 2019",7:00p,Los Angeles Lakers,,Indiana Pacers,,,,,
"Tue, Feb 5, 2019",8:00p,Minnesota Timberwolves,,Memphis Grizzlies,,,,,
"Tue, Feb 5, 2019",7:30p,Detroit Pistons,,New York Knicks,,,,,
"Tue, Feb 5, 2019",8:00p,Orlando Magic,,Oklahoma City Thunder,,,,,
"Tue, Feb 5, 2019",8:00p,Toronto Raptors,,Philadelphia 76ers,,,,,
"Tue, Feb 5, 2019",10:30p,Miami Heat,,Portland Trail Blazers,,,,,
"Wed, Feb 6, 2019",7:30p,Denver Nuggets,,Brooklyn Nets,,,,,
"Wed, Feb 6, 2019",8:00p,New Orleans Pelicans,,Chicago Bulls,,,,,
"Wed, Feb 6, 2019",8:30p,Charlotte Hornets,,Dallas Mavericks,,,,,
"Wed, Feb 6, 2019",10:30p,San Antonio Spurs,,Golden State Warriors,,,,,
"Wed, Feb 6, 2019",8:00p,Washington Wizards,,Milwaukee Bucks,,,,,
"Wed, Feb 6, 2019",10:00p,Houston Rockets,,Sacramento Kings,,,,,
"Wed, Feb 6, 2019",9:00p,Phoenix Suns,,Utah Jazz,,,,,
"Thu, Feb 7, 2019",7:30p,Toronto Raptors,,Atlanta Hawks,,,,,
"Thu, Feb 7, 2019",8:00p,Los Angeles Lakers,,Boston Celtics,,,,,
"Thu, Feb 7, 2019",7:00p,Los Angeles Clippers,,Indiana Pacers,,,,,
"Thu, Feb 7, 2019",8:00p,Memphis Grizzlies,,Oklahoma City Thunder,,,,,
"Thu, Feb 7, 2019",7:00p,Minnesota Timberwolves,,Orlando Magic,,,,,
"Thu, Feb 7, 2019",10:30p,San Antonio Spurs,,Portland Trail Blazers,,,,,
"Fri, Feb 8, 2019",7:30p,Chicago Bulls,,Brooklyn Nets,,,,,
"Fri, Feb 8, 2019",8:30p,Milwaukee Bucks,,Dallas Mavericks,,,,,
"Fri, Feb 8, 2019",7:00p,New York Knicks,,Detroit Pistons,,,,,
"Fri, Feb 8, 2019",9:30p,Minnesota Timberwolves,,New Orleans Pelicans,,,,,
"Fri, Feb 8, 2019",7:00p,Denver Nuggets,,Philadelphia 76ers,,,,,
"Fri, Feb 8, 2019",9:00p,Golden State Warriors,,Phoenix Suns,,,,,
"Fri, Feb 8, 2019",10:00p,Miami Heat,,Sacramento Kings,,,,,
"Fri, Feb 8, 2019",7:00p,Cleveland Cavaliers,,Washington Wizards,,,,,
"Sat, Feb 9, 2019",7:30p,Charlotte Hornets,,Atlanta Hawks,,,,,
"Sat, Feb 9, 2019",8:00p,Los Angeles Clippers,,Boston Celtics,,,,,
"Sat, Feb 9, 2019",8:00p,Washington Wizards,,Chicago Bulls,,,,,
"Sat, Feb 9, 2019",8:30p,Oklahoma City Thunder,,Houston Rockets,,,,,
"Sat, Feb 9, 2019",7:00p,Cleveland Cavaliers,,Indiana Pacers,,,,,
"Sat, Feb 9, 2019",8:00p,New Orleans Pelicans,,Memphis Grizzlies,,,,,
"Sat, Feb 9, 2019",9:00p,Orlando Magic,,Milwaukee Bucks,,,,,
"Sat, Feb 9, 2019",7:30p,Toronto Raptors,,New York Knicks,,,,,
"Sat, Feb 9, 2019",5:00p,San Antonio Spurs,,Utah Jazz,,,,,
"Sun, Feb 10, 2019",7:30p,Orlando Magic,,Atlanta Hawks,,,,,
"Sun, Feb 10, 2019",3:00p,Portland Trail Blazers,,Dallas Mavericks,,,,,
"Sun, Feb 10, 2019",8:30p,Miami Heat,,Golden State Warriors,,,,,
"Sun, Feb 10, 2019",3:30p,Los Angeles Lakers,,Philadelphia 76ers,,,,,
"Sun, Feb 10, 2019",6:00p,Phoenix Suns,,Sacramento Kings,,,,,
"Mon, Feb 11, 2019",8:00p,Milwaukee Bucks,,Chicago Bulls,,,,,
"Mon, Feb 11, 2019",7:00p,New York Knicks,,Cleveland Cavaliers,,,,,
"Mon, Feb 11, 2019",9:00p,Miami Heat,,Denver Nuggets,,,,,
"Mon, Feb 11, 2019",7:00p,Washington Wizards,,Detroit Pistons,,,,,
"Mon, Feb 11, 2019",8:00p,Dallas Mavericks,,Houston Rockets,,,,,
"Mon, Feb 11, 2019",7:00p,Charlotte Hornets,,Indiana Pacers,,,,,
"Mon, Feb 11, 2019",8:00p,Los Angeles Clippers,,Minnesota Timberwolves,,,,,
"Mon, Feb 11, 2019",8:00p,Portland Trail Blazers,,Oklahoma City Thunder,,,,,
"Mon, Feb 11, 2019",7:30p,Brooklyn Nets,,Toronto Raptors,,,,,
"Tue, Feb 12, 2019",7:30p,Los Angeles Lakers,,Atlanta Hawks,,,,,
"Tue, Feb 12, 2019",10:30p,Utah Jazz,,Golden State Warriors,,,,,
"Tue, Feb 12, 2019",8:00p,San Antonio Spurs,,Memphis Grizzlies,,,,,
"Tue, Feb 12, 2019",8:00p,Orlando Magic,,New Orleans Pelicans,,,,,
"Tue, Feb 12, 2019",8:00p,Boston Celtics,,Philadelphia 76ers,,,,,
"Wed, Feb 13, 2019",7:30p,Detroit Pistons,,Boston Celtics,,,,,
"Wed, Feb 13, 2019",8:00p,Memphis Grizzlies,,Chicago Bulls,,,,,
"Wed, Feb 13, 2019",7:00p,Brooklyn Nets,,Cleveland Cavaliers,,,,,
"Wed, Feb 13, 2019",8:30p,Miami Heat,,Dallas Mavericks,,,,,
"Wed, Feb 13, 2019",9:00p,Sacramento Kings,,Denver Nuggets,,,,,
"Wed, Feb 13, 2019",7:00p,Milwaukee Bucks,,Indiana Pacers,,,,,
"Wed, Feb 13, 2019",10:30p,Phoenix Suns,,Los Angeles Clippers,,,,,
"Wed, Feb 13, 2019",9:30p,Houston Rockets,,Minnesota Timberwolves,,,,,
"Wed, Feb 13, 2019",7:30p,Philadelphia 76ers,,New York Knicks,,,,,
"Wed, Feb 13, 2019",10:00p,Golden State Warriors,,Portland Trail Blazers,,,,,
"Wed, Feb 13, 2019",7:30p,Washington Wizards,,Toronto Raptors,,,,,
"Thu, Feb 14, 2019",7:30p,New York Knicks,,Atlanta Hawks,,,,,
"Thu, Feb 14, 2019",8:00p,Oklahoma City Thunder,,New Orleans Pelicans,,,,,
"Thu, Feb 14, 2019",7:00p,Charlotte Hornets,,Orlando Magic,,,,,
"Thu, Feb 21, 2019",7:30p,Portland Trail Blazers,,Brooklyn Nets,,,,,
"Thu, Feb 21, 2019",7:00p,Phoenix Suns,,Cleveland Cavaliers,,,,,
"Thu, Feb 21, 2019",10:30p,Sacramento Kings,,Golden State Warriors,,,,,
"Thu, Feb 21, 2019",10:30p,Houston Rockets,,Los Angeles Lakers,,,,,
"Thu, Feb 21, 2019",8:00p,Boston Celtics,,Milwaukee Bucks,,,,,
"Thu, Feb 21, 2019",7:00p,Miami Heat,,Philadelphia 76ers,,,,,
"Fri, Feb 22, 2019",7:30p,Detroit Pistons,,Atlanta Hawks,,,,,
"Fri, Feb 22, 2019",7:00p,Washington Wizards,,Charlotte Hornets,,,,,
"Fri, Feb 22, 2019",8:30p,Denver Nuggets,,Dallas Mavericks,,,,,
"Fri, Feb 22, 2019",7:00p,New Orleans Pelicans,,Indiana Pacers,,,,,
"Fri, Feb 22, 2019",8:00p,Los Angeles Clippers,,Memphis Grizzlies,,,,,
"Fri, Feb 22, 2019",7:30p,Minnesota Timberwolves,,New York Knicks,,,,,
"Fri, Feb 22, 2019",9:30p,Utah Jazz,,Oklahoma City Thunder,,,,,
"Fri, Feb 22, 2019",7:00p,Chicago Bulls,,Orlando Magic,,,,,
"Fri, Feb 22, 2019",7:00p,San Antonio Spurs,,Toronto Raptors,,,,,
"Sat, Feb 23, 2019",7:00p,Phoenix Suns,,Atlanta Hawks,,,,,
"Sat, Feb 23, 2019",8:00p,Boston Celtics,,Chicago Bulls,,,,,
"Sat, Feb 23, 2019",7:00p,Brooklyn Nets,,Charlotte Hornets,,,,,
"Sat, Feb 23, 2019",7:00p,Memphis Grizzlies,,Cleveland Cavaliers,,,,,
"Sat, Feb 23, 2019",8:30p,Houston Rockets,,Golden State Warriors,,,,,
"Sat, Feb 23, 2019",7:30p,Detroit Pistons,,Miami Heat,,,,,
"Sat, Feb 23, 2019",8:30p,Minnesota Timberwolves,,Milwaukee Bucks,,,,,
"Sat, Feb 23, 2019",7:00p,Los Angeles Lakers,,New Orleans Pelicans,,,,,
"Sat, Feb 23, 2019",8:00p,Sacramento Kings,,Oklahoma City Thunder,,,,,
"Sat, Feb 23, 2019",1:00p,Portland Trail Blazers,,Philadelphia 76ers,,,,,
"Sat, Feb 23, 2019",10:00p,Dallas Mavericks,,Utah Jazz,,,,,
"Sat, Feb 23, 2019",7:00p,Indiana Pacers,,Washington Wizards,,,,,
"Sun, Feb 24, 2019",5:00p,Los Angeles Clippers,,Denver Nuggets,,,,,
"Sun, Feb 24, 2019",7:30p,San Antonio Spurs,,New York Knicks,,,,,
"Sun, Feb 24, 2019",3:30p,Orlando Magic,,Toronto Raptors,,,,,
"Mon, Feb 25, 2019",7:30p,San Antonio Spurs,,Brooklyn Nets,,,,,
"Mon, Feb 25, 2019",8:00p,Milwaukee Bucks,,Chicago Bulls,,,,,
"Mon, Feb 25, 2019",7:00p,Golden State Warriors,,Charlotte Hornets,,,,,
"Mon, Feb 25, 2019",7:00p,Portland Trail Blazers,,Cleveland Cavaliers,,,,,
"Mon, Feb 25, 2019",7:00p,Indiana Pacers,,Detroit Pistons,,,,,
"Mon, Feb 25, 2019",8:00p,Atlanta Hawks,,Houston Rockets,,,,,
"Mon, Feb 25, 2019",10:30p,Dallas Mavericks,,Los Angeles Clippers,,,,,
"Mon, Feb 25, 2019",8:00p,Los Angeles Lakers,,Memphis Grizzlies,,,,,
"Mon, Feb 25, 2019",7:30p,Phoenix Suns,,Miami Heat,,,,,
"Mon, Feb 25, 2019",8:00p,Sacramento Kings,,Minnesota Timberwolves,,,,,
"Mon, Feb 25, 2019",8:00p,Philadelphia 76ers,,New Orleans Pelicans,,,,,
"Tue, Feb 26, 2019",10:30p,Oklahoma City Thunder,,Denver Nuggets,,,,,
"Tue, Feb 26, 2019",7:30p,Orlando Magic,,New York Knicks,,,,,
"Tue, Feb 26, 2019",8:00p,Boston Celtics,,Toronto Raptors,,,,,
"Wed, Feb 27, 2019",7:30p,Minnesota Timberwolves,,Atlanta Hawks,,,,,
"Wed, Feb 27, 2019",7:30p,Portland Trail Blazers,,Boston Celtics,,,,,
"Wed, Feb 27, 2019",7:30p,Washington Wizards,,Brooklyn Nets,,,,,
"Wed, Feb 27, 2019",7:00p,Houston Rockets,,Charlotte Hornets,,,,,
"Wed, Feb 27, 2019",8:30p,Indiana Pacers,,Dallas Mavericks,,,,,
"Wed, Feb 27, 2019",10:30p,New Orleans Pelicans,,Los Angeles Lakers,,,,,
"Wed, Feb 27, 2019",8:00p,Chicago Bulls,,Memphis Grizzlies,,,,,
"Wed, Feb 27, 2019",7:30p,Golden State Warriors,,Miami Heat,,,,,
"Wed, Feb 27, 2019",10:00p,Milwaukee Bucks,,Sacramento Kings,,,,,
"Wed, Feb 27, 2019",8:00p,Detroit Pistons,,San Antonio Spurs,,,,,
"Wed, Feb 27, 2019",9:00p,Los Angeles Clippers,,Utah Jazz,,,,,
"Thu, Feb 28, 2019",9:00p,Utah Jazz,,Denver Nuggets,,,,,
"Thu, Feb 28, 2019",8:00p,Miami Heat,,Houston Rockets,,,,,
"Thu, Feb 28, 2019",7:00p,Minnesota Timberwolves,,Indiana Pacers,,,,,
"Thu, Feb 28, 2019",7:30p,Cleveland Cavaliers,,New York Knicks,,,,,
"Thu, Feb 28, 2019",9:30p,Philadelphia 76ers,,Oklahoma City Thunder,,,,,
"Thu, Feb 28, 2019",7:00p,Golden State Warriors,,Orlando Magic,,,,,
"Fri, Mar 1, 2019",7:30p,Chicago Bulls,,Atlanta Hawks,,,,,
"Fri, Mar 1, 2019",8:00p,Washington Wizards,,Boston Celtics,,,,,
"Fri, Mar 1, 2019",7:30p,Charlotte Hornets,,Brooklyn Nets,,,,,
"Fri, Mar 1, 2019",10:30p,Milwaukee Bucks,,Los Angeles Lakers,,,,,
"Fri, Mar 1, 2019",9:00p,New Orleans Pelicans,,Phoenix Suns,,,,,
"Fri, Mar 1, 2019",10:00p,Los Angeles Clippers,,Sacramento Kings,,,,,
"Fri, Mar 1, 2019",7:30p,Portland Trail Blazers,,Toronto Raptors,,,,,
"Sat, Mar 2, 2019",5:00p,Detroit Pistons,,Cleveland Cavaliers,,,,,
"Sat, Mar 2, 2019",8:30p,Memphis Grizzlies,,Dallas Mavericks,,,,,
"Sat, Mar 2, 2019",9:00p,New Orleans Pelicans,,Denver Nuggets,,,,,
"Sat, Mar 2, 2019",7:00p,Orlando Magic,,Indiana Pacers,,,,,
"Sat, Mar 2, 2019",7:30p,Brooklyn Nets,,Miami Heat,,,,,
"Sat, Mar 2, 2019",8:30p,Golden State Warriors,,Philadelphia 76ers,,,,,
"Sat, Mar 2, 2019",9:00p,Los Angeles Lakers,,Phoenix Suns,,,,,
"Sat, Mar 2, 2019",8:30p,Oklahoma City Thunder,,San Antonio Spurs,,,,,
"Sat, Mar 2, 2019",9:00p,Milwaukee Bucks,,Utah Jazz,,,,,
"Sun, Mar 3, 2019",3:30p,Houston Rockets,,Boston Celtics,,,,,
"Sun, Mar 3, 2019",3:30p,Atlanta Hawks,,Chicago Bulls,,,,,
"Sun, Mar 3, 2019",1:00p,Portland Trail Blazers,,Charlotte Hornets,,,,,
"Sun, Mar 3, 2019",6:00p,Orlando Magic,,Cleveland Cavaliers,,,,,
"Sun, Mar 3, 2019",6:00p,Toronto Raptors,,Detroit Pistons,,,,,
"Sun, Mar 3, 2019",3:30p,New York Knicks,,Los Angeles Clippers,,,,,
"Sun, Mar 3, 2019",7:00p,Memphis Grizzlies,,Oklahoma City Thunder,,,,,
"Sun, Mar 3, 2019",6:00p,Minnesota Timberwolves,,Washington Wizards,,,,,
"Mon, Mar 4, 2019",7:30p,Dallas Mavericks,,Brooklyn Nets,,,,,
"Mon, Mar 4, 2019",10:30p,Los Angeles Clippers,,Los Angeles Lakers,,,,,
"Mon, Mar 4, 2019",7:30p,Atlanta Hawks,,Miami Heat,,,,,
"Mon, Mar 4, 2019",9:00p,Milwaukee Bucks,,Phoenix Suns,,,,,
"Mon, Mar 4, 2019",10:00p,New York Knicks,,Sacramento Kings,,,,,
"Mon, Mar 4, 2019",8:30p,Denver Nuggets,,San Antonio Spurs,,,,,
"Mon, Mar 4, 2019",9:00p,New Orleans Pelicans,,Utah Jazz,,,,,
"Tue, Mar 5, 2019",10:30p,Boston Celtics,,Golden State Warriors,,,,,
"Tue, Mar 5, 2019",7:00p,Chicago Bulls,,Indiana Pacers,,,,,
"Tue, Mar 5, 2019",8:00p,Portland Trail Blazers,,Memphis Grizzlies,,,,,
"Tue, Mar 5, 2019",8:00p,Oklahoma City Thunder,,Minnesota Timberwolves,,,,,
"Tue, Mar 5, 2019",7:00p,Orlando Magic,,Philadelphia 76ers,,,,,
"Tue, Mar 5, 2019",8:00p,Houston Rockets,,Toronto Raptors,,,,,
"Wed, Mar 6, 2019",7:30p,San Antonio Spurs,,Atlanta Hawks,,,,,
"Wed, Mar 6, 2019",7:30p,Cleveland Cavaliers,,Brooklyn Nets,,,,,
"Wed, Mar 6, 2019",8:00p,Philadelphia 76ers,,Chicago Bulls,,,,,
"Wed, Mar 6, 2019",7:00p,Miami Heat,,Charlotte Hornets,,,,,
"Wed, Mar 6, 2019",7:00p,Minnesota Timberwolves,,Detroit Pistons,,,,,
"Wed, Mar 6, 2019",10:30p,Denver Nuggets,,Los Angeles Lakers,,,,,
"Wed, Mar 6, 2019",8:00p,Utah Jazz,,New Orleans Pelicans,,,,,
"Wed, Mar 6, 2019",9:00p,New York Knicks,,Phoenix Suns,,,,,
"Wed, Mar 6, 2019",10:00p,Boston Celtics,,Sacramento Kings,,,,,
"Wed, Mar 6, 2019",7:00p,Dallas Mavericks,,Washington Wizards,,,,,
"Thu, Mar 7, 2019",8:00p,Indiana Pacers,,Milwaukee Bucks,,,,,
"Thu, Mar 7, 2019",10:30p,Oklahoma City Thunder,,Portland Trail Blazers,,,,,
"Fri, Mar 8, 2019",8:00p,Detroit Pistons,,Chicago Bulls,,,,,
"Fri, Mar 8, 2019",7:00p,Washington Wizards,,Charlotte Hornets,,,,,
"Fri, Mar 8, 2019",10:30p,Denver Nuggets,,Golden State Warriors,,,,,
"Fri, Mar 8, 2019",8:00p,Philadelphia 76ers,,Houston Rockets,,,,,
"Fri, Mar 8, 2019",10:30p,Oklahoma City Thunder,,Los Angeles Clippers,,,,,
"Fri, Mar 8, 2019",8:00p,Utah Jazz,,Memphis Grizzlies,,,,,
"Fri, Mar 8, 2019",8:00p,Cleveland Cavaliers,,Miami Heat,,,,,
"Fri, Mar 8, 2019",8:00p,Toronto Raptors,,New Orleans Pelicans,,,,,
"Fri, Mar 8, 2019",7:00p,Dallas Mavericks,,Orlando Magic,,,,,
"Sat, Mar 9, 2019",7:00p,Brooklyn Nets,,Atlanta Hawks,,,,,
"Sat, Mar 9, 2019",8:30p,Boston Celtics,,Los Angeles Lakers,,,,,
"Sat, Mar 9, 2019",9:00p,Charlotte Hornets,,Milwaukee Bucks,,,,,
"Sat, Mar 9, 2019",8:00p,Washington Wizards,,Minnesota Timberwolves,,,,,
"Sat, Mar 9, 2019",12:00p,Sacramento Kings,,New York Knicks,,,,,
"Sat, Mar 9, 2019",10:00p,Phoenix Suns,,Portland Trail Blazers,,,,,
"Sun, Mar 10, 2019",6:00p,New Orleans Pelicans,,Atlanta Hawks,,,,,
"Sun, Mar 10, 2019",7:00p,Houston Rockets,,Dallas Mavericks,,,,,
"Sun, Mar 10, 2019",12:00p,Chicago Bulls,,Detroit Pistons,,,,,
"Sun, Mar 10, 2019",8:30p,Phoenix Suns,,Golden State Warriors,,,,,
"Sun, Mar 10, 2019",6:00p,Orlando Magic,,Memphis Grizzlies,,,,,
"Sun, Mar 10, 2019",3:30p,Toronto Raptors,,Miami Heat,,,,,
"Sun, Mar 10, 2019",8:00p,New York Knicks,,Minnesota Timberwolves,,,,,
"Sun, Mar 10, 2019",3:30p,Indiana Pacers,,Philadelphia 76ers,,,,,
"Sun, Mar 10, 2019",8:00p,Milwaukee Bucks,,San Antonio Spurs,,,,,
"Mon, Mar 11, 2019",7:30p,Detroit Pistons,,Brooklyn Nets,,,,,
"Mon, Mar 11, 2019",7:00p,Toronto Raptors,,Cleveland Cavaliers,,,,,
"Mon, Mar 11, 2019",8:00p,Charlotte Hornets,,Houston Rockets,,,,,
"Mon, Mar 11, 2019",10:30p,Boston Celtics,,Los Angeles Clippers,,,,,
"Mon, Mar 11, 2019",9:00p,Oklahoma City Thunder,,Utah Jazz,,,,,
"Mon, Mar 11, 2019",7:00p,Sacramento Kings,,Washington Wizards,,,,,
"Tue, Mar 12, 2019",8:00p,Los Angeles Lakers,,Chicago Bulls,,,,,
"Tue, Mar 12, 2019",8:30p,San Antonio Spurs,,Dallas Mavericks,,,,,
"Tue, Mar 12, 2019",10:30p,Minnesota Timberwolves,,Denver Nuggets,,,,,
"Tue, Mar 12, 2019",7:00p,New York Knicks,,Indiana Pacers,,,,,
"Tue, Mar 12, 2019",10:30p,Portland Trail Blazers,,Los Angeles Clippers,,,,,
"Tue, Mar 12, 2019",8:00p,Milwaukee Bucks,,New Orleans Pelicans,,,,,
"Tue, Mar 12, 2019",7:00p,Cleveland Cavaliers,,Philadelphia 76ers,,,,,
"Wed, Mar 13, 2019",7:30p,Memphis Grizzlies,,Atlanta Hawks,,,,,
"Wed, Mar 13, 2019",9:30p,Golden State Warriors,,Houston Rockets,,,,,
"Wed, Mar 13, 2019",7:00p,Detroit Pistons,,Miami Heat,,,,,
"Wed, Mar 13, 2019",8:00p,Brooklyn Nets,,Oklahoma City Thunder,,,,,
"Wed, Mar 13, 2019",10:00p,Utah Jazz,,Phoenix Suns,,,,,
"Wed, Mar 13, 2019",7:00p,Orlando Magic,,Washington Wizards,,,,,
"Thu, Mar 14, 2019",7:30p,Sacramento Kings,,Boston Celtics,,,,,
"Thu, Mar 14, 2019",10:30p,Dallas Mavericks,,Denver Nuggets,,,,,
"Thu, Mar 14, 2019",7:00p,Oklahoma City Thunder,,Indiana Pacers,,,,,
"Thu, Mar 14, 2019",7:00p,Cleveland Cavaliers,,Orlando Magic,,,,,
"Thu, Mar 14, 2019",8:00p,Los Angeles Lakers,,Toronto Raptors,,,,,
"Thu, Mar 14, 2019",9:00p,Minnesota Timberwolves,,Utah Jazz,,,,,
"Fri, Mar 15, 2019",7:00p,Los Angeles Lakers,,Detroit Pistons,,,,,
"Fri, Mar 15, 2019",8:00p,Phoenix Suns,,Houston Rockets,,,,,
"Fri, Mar 15, 2019",10:30p,Chicago Bulls,,Los Angeles Clippers,,,,,
"Fri, Mar 15, 2019",8:00p,Milwaukee Bucks,,Miami Heat,,,,,
"Fri, Mar 15, 2019",8:00p,Portland Trail Blazers,,New Orleans Pelicans,,,,,
"Fri, Mar 15, 2019",7:00p,Sacramento Kings,,Philadelphia 76ers,,,,,
"Fri, Mar 15, 2019",8:30p,New York Knicks,,San Antonio Spurs,,,,,
"Fri, Mar 15, 2019",7:00p,Charlotte Hornets,,Washington Wizards,,,,,
"Sat, Mar 16, 2019",12:30p,Atlanta Hawks,,Boston Celtics,,,,,
"Sat, Mar 16, 2019",8:30p,Cleveland Cavaliers,,Dallas Mavericks,,,,,
"Sat, Mar 16, 2019",9:00p,Indiana Pacers,,Denver Nuggets,,,,,
"Sat, Mar 16, 2019",7:00p,Phoenix Suns,,New Orleans Pelicans,,,,,
"Sat, Mar 16, 2019",8:30p,Golden State Warriors,,Oklahoma City Thunder,,,,,
"Sat, Mar 16, 2019",8:30p,Portland Trail Blazers,,San Antonio Spurs,,,,,
"Sat, Mar 16, 2019",9:00p,Brooklyn Nets,,Utah Jazz,,,,,
"Sat, Mar 16, 2019",7:00p,Memphis Grizzlies,,Washington Wizards,,,,,
"Sun, Mar 17, 2019",4:00p,Toronto Raptors,,Detroit Pistons,,,,,
"Sun, Mar 17, 2019",9:00p,Minnesota Timberwolves,,Houston Rockets,,,,,
"Sun, Mar 17, 2019",9:00p,Brooklyn Nets,,Los Angeles Clippers,,,,,
"Sun, Mar 17, 2019",1:00p,Charlotte Hornets,,Miami Heat,,,,,
"Sun, Mar 17, 2019",3:30p,Philadelphia 76ers,,Milwaukee Bucks,,,,,
"Sun, Mar 17, 2019",12:00p,Los Angeles Lakers,,New York Knicks,,,,,
"Sun, Mar 17, 2019",6:00p,Atlanta Hawks,,Orlando Magic,,,,,
"Sun, Mar 17, 2019",6:00p,Chicago Bulls,,Sacramento Kings,,,,,
"Mon, Mar 18, 2019",7:30p,Denver Nuggets,,Boston Celtics,,,,,
"Mon, Mar 18, 2019",7:00p,Detroit Pistons,,Cleveland Cavaliers,,,,,
"Mon, Mar 18, 2019",8:30p,New Orleans Pelicans,,Dallas Mavericks,,,,,
"Mon, Mar 18, 2019",8:00p,Miami Heat,,Oklahoma City Thunder,,,,,
"Mon, Mar 18, 2019",10:00p,Chicago Bulls,,Phoenix Suns,,,,,
"Mon, Mar 18, 2019",10:30p,Indiana Pacers,,Portland Trail Blazers,,,,,
"Mon, Mar 18, 2019",8:00p,Golden State Warriors,,San Antonio Spurs,,,,,
"Mon, Mar 18, 2019",7:30p,New York Knicks,,Toronto Raptors,,,,,
"Mon, Mar 18, 2019",7:00p,Utah Jazz,,Washington Wizards,,,,,
"Tue, Mar 19, 2019",7:30p,Houston Rockets,,Atlanta Hawks,,,,,
"Tue, Mar 19, 2019",7:00p,Philadelphia 76ers,,Charlotte Hornets,,,,,
"Tue, Mar 19, 2019",10:30p,Indiana Pacers,,Los Angeles Clippers,,,,,
"Tue, Mar 19, 2019",8:00p,Los Angeles Lakers,,Milwaukee Bucks,,,,,
"Tue, Mar 19, 2019",8:00p,Golden State Warriors,,Minnesota Timberwolves,,,,,
"Tue, Mar 19, 2019",10:00p,Brooklyn Nets,,Sacramento Kings,,,,,
"Wed, Mar 20, 2019",8:00p,Washington Wizards,,Chicago Bulls,,,,,
"Wed, Mar 20, 2019",7:00p,Milwaukee Bucks,,Cleveland Cavaliers,,,,,
"Wed, Mar 20, 2019",8:00p,Houston Rockets,,Memphis Grizzlies,,,,,
"Wed, Mar 20, 2019",7:30p,Utah Jazz,,New York Knicks,,,,,
"Wed, Mar 20, 2019",9:30p,Toronto Raptors,,Oklahoma City Thunder,,,,,
"Wed, Mar 20, 2019",7:00p,New Orleans Pelicans,,Orlando Magic,,,,,
"Wed, Mar 20, 2019",7:00p,Boston Celtics,,Philadelphia 76ers,,,,,
"Wed, Mar 20, 2019",10:00p,Dallas Mavericks,,Portland Trail Blazers,,,,,
"Wed, Mar 20, 2019",8:30p,Miami Heat,,San Antonio Spurs,,,,,
"Thu, Mar 21, 2019",7:30p,Utah Jazz,,Atlanta Hawks,,,,,
"Thu, Mar 21, 2019",7:00p,Minnesota Timberwolves,,Charlotte Hornets,,,,,
"Thu, Mar 21, 2019",10:30p,Indiana Pacers,,Golden State Warriors,,,,,
"Thu, Mar 21, 2019",10:00p,Detroit Pistons,,Phoenix Suns,,,,,
"Thu, Mar 21, 2019",10:00p,Dallas Mavericks,,Sacramento Kings,,,,,
"Thu, Mar 21, 2019",7:00p,Denver Nuggets,,Washington Wizards,,,,,
"Fri, Mar 22, 2019",7:30p,Los Angeles Clippers,,Cleveland Cavaliers,,,,,
"Fri, Mar 22, 2019",8:00p,San Antonio Spurs,,Houston Rockets,,,,,
"Fri, Mar 22, 2019",10:30p,Brooklyn Nets,,Los Angeles Lakers,,,,,
"Fri, Mar 22, 2019",8:30p,Miami Heat,,Milwaukee Bucks,,,,,
"Fri, Mar 22, 2019",7:30p,Denver Nuggets,,New York Knicks,,,,,
"Fri, Mar 22, 2019",7:00p,Memphis Grizzlies,,Orlando Magic,,,,,
"Fri, Mar 22, 2019",7:30p,Oklahoma City Thunder,,Toronto Raptors,,,,,
"Sat, Mar 23, 2019",7:30p,Philadelphia 76ers,,Atlanta Hawks,,,,,
"Sat, Mar 23, 2019",8:00p,Utah Jazz,,Chicago Bulls,,,,,
"Sat, Mar 23, 2019",6:00p,Boston Celtics,,Charlotte Hornets,,,,,
"Sat, Mar 23, 2019",8:30p,Dallas Mavericks,,Golden State Warriors,,,,,
"Sat, Mar 23, 2019",8:00p,Minnesota Timberwolves,,Memphis Grizzlies,,,,,
"Sat, Mar 23, 2019",10:00p,Detroit Pistons,,Portland Trail Blazers,,,,,
"Sat, Mar 23, 2019",10:00p,Phoenix Suns,,Sacramento Kings,,,,,
"Sat, Mar 23, 2019",7:00p,Miami Heat,,Washington Wizards,,,,,
"Sun, Mar 24, 2019",7:30p,San Antonio Spurs,,Boston Celtics,,,,,
"Sun, Mar 24, 2019",8:30p,Detroit Pistons,,Golden State Warriors,,,,,
"Sun, Mar 24, 2019",5:00p,Denver Nuggets,,Indiana Pacers,,,,,
"Sun, Mar 24, 2019",9:30p,Sacramento Kings,,Los Angeles Lakers,,,,,
"Sun, Mar 24, 2019",4:30p,Cleveland Cavaliers,,Milwaukee Bucks,,,,,
"Sun, Mar 24, 2019",7:00p,Houston Rockets,,New Orleans Pelicans,,,,,
"Sun, Mar 24, 2019",12:00p,Los Angeles Clippers,,New York Knicks,,,,,
"Sun, Mar 24, 2019",6:00p,Charlotte Hornets,,Toronto Raptors,,,,,
"Mon, Mar 25, 2019",8:00p,Oklahoma City Thunder,,Memphis Grizzlies,,,,,
"Mon, Mar 25, 2019",7:00p,Philadelphia 76ers,,Orlando Magic,,,,,
"Mon, Mar 25, 2019",10:00p,Brooklyn Nets,,Portland Trail Blazers,,,,,
"Mon, Mar 25, 2019",9:00p,Phoenix Suns,,Utah Jazz,,,,,
"Tue, Mar 26, 2019",7:00p,San Antonio Spurs,,Charlotte Hornets,,,,,
"Tue, Mar 26, 2019",7:00p,Boston Celtics,,Cleveland Cavaliers,,,,,
"Tue, Mar 26, 2019",8:30p,Sacramento Kings,,Dallas Mavericks,,,,,
"Tue, Mar 26, 2019",9:00p,Detroit Pistons,,Denver Nuggets,,,,,
"Tue, Mar 26, 2019",10:30p,Washington Wizards,,Los Angeles Lakers,,,,,
"Tue, Mar 26, 2019",7:30p,Orlando Magic,,Miami Heat,,,,,
"Tue, Mar 26, 2019",8:00p,Houston Rockets,,Milwaukee Bucks,,,,,
"Tue, Mar 26, 2019",8:00p,Los Angeles Clippers,,Minnesota Timberwolves,,,,,
"Tue, Mar 26, 2019",8:00p,Atlanta Hawks,,New Orleans Pelicans,,,,,
"Tue, Mar 26, 2019",7:30p,Chicago Bulls,,Toronto Raptors,,,,,
"Wed, Mar 27, 2019",8:00p,Portland Trail Blazers,,Chicago Bulls,,,,,
"Wed, Mar 27, 2019",8:00p,Golden State Warriors,,Memphis Grizzlies,,,,,
"Wed, Mar 27, 2019",8:00p,Indiana Pacers,,Oklahoma City Thunder,,,,,
"Wed, Mar 27, 2019",10:00p,Washington Wizards,,Phoenix Suns,,,,,
"Wed, Mar 27, 2019",10:30p,Los Angeles Lakers,,Utah Jazz,,,,,
"Thu, Mar 28, 2019",7:00p,Orlando Magic,,Detroit Pistons,,,,,
"Thu, Mar 28, 2019",8:00p,Denver Nuggets,,Houston Rockets,,,,,
"Thu, Mar 28, 2019",7:30p,Dallas Mavericks,,Miami Heat,,,,,
"Thu, Mar 28, 2019",8:00p,Los Angeles Clippers,,Milwaukee Bucks,,,,,
"Thu, Mar 28, 2019",8:00p,Sacramento Kings,,New Orleans Pelicans,,,,,
"Thu, Mar 28, 2019",7:30p,Toronto Raptors,,New York Knicks,,,,,
"Thu, Mar 28, 2019",7:00p,Brooklyn Nets,,Philadelphia 76ers,,,,,
"Thu, Mar 28, 2019",8:30p,Cleveland Cavaliers,,San Antonio Spurs,,,,,
"Fri, Mar 29, 2019",7:30p,Portland Trail Blazers,,Atlanta Hawks,,,,,
"Fri, Mar 29, 2019",7:00p,Indiana Pacers,,Boston Celtics,,,,,
"Fri, Mar 29, 2019",10:30p,Charlotte Hornets,,Los Angeles Lakers,,,,,
"Fri, Mar 29, 2019",8:00p,Golden State Warriors,,Minnesota Timberwolves,,,,,
"Fri, Mar 29, 2019",8:00p,Denver Nuggets,,Oklahoma City Thunder,,,,,
"Fri, Mar 29, 2019",9:00p,Washington Wizards,,Utah Jazz,,,,,
"Sat, Mar 30, 2019",6:00p,Boston Celtics,,Brooklyn Nets,,,,,
"Sat, Mar 30, 2019",8:00p,Toronto Raptors,,Chicago Bulls,,,,,
"Sat, Mar 30, 2019",7:00p,Portland Trail Blazers,,Detroit Pistons,,,,,
"Sat, Mar 30, 2019",6:00p,Sacramento Kings,,Houston Rockets,,,,,
"Sat, Mar 30, 2019",7:00p,Orlando Magic,,Indiana Pacers,,,,,
"Sat, Mar 30, 2019",3:30p,Cleveland Cavaliers,,Los Angeles Clippers,,,,,
"Sat, Mar 30, 2019",8:00p,Philadelphia 76ers,,Minnesota Timberwolves,,,,,
"Sat, Mar 30, 2019",7:30p,Miami Heat,,New York Knicks,,,,,
"Sat, Mar 30, 2019",10:00p,Memphis Grizzlies,,Phoenix Suns,,,,,
"Sun, Mar 31, 2019",12:30p,Milwaukee Bucks,,Atlanta Hawks,,,,,
"Sun, Mar 31, 2019",8:00p,Washington Wizards,,Denver Nuggets,,,,,
"Sun, Mar 31, 2019",8:30p,Charlotte Hornets,,Golden State Warriors,,,,,
"Sun, Mar 31, 2019",10:30p,Memphis Grizzlies,,Los Angeles Clippers,,,,,
"Sun, Mar 31, 2019",6:00p,Los Angeles Lakers,,New Orleans Pelicans,,,,,
"Sun, Mar 31, 2019",3:30p,Dallas Mavericks,,Oklahoma City Thunder,,,,,
"Sun, Mar 31, 2019",7:00p,Sacramento Kings,,San Antonio Spurs,,,,,
"Mon, Apr 1, 2019",7:30p,Miami Heat,,Boston Celtics,,,,,
"Mon, Apr 1, 2019",7:30p,Milwaukee Bucks,,Brooklyn Nets,,,,,
"Mon, Apr 1, 2019",8:30p,Philadelphia 76ers,,Dallas Mavericks,,,,,
"Mon, Apr 1, 2019",7:00p,Detroit Pistons,,Indiana Pacers,,,,,
"Mon, Apr 1, 2019",8:00p,Portland Trail Blazers,,Minnesota Timberwolves,,,,,
"Mon, Apr 1, 2019",7:30p,Chicago Bulls,,New York Knicks,,,,,
"Mon, Apr 1, 2019",10:00p,Cleveland Cavaliers,,Phoenix Suns,,,,,
"Mon, Apr 1, 2019",7:30p,Orlando Magic,,Toronto Raptors,,,,,
"Mon, Apr 1, 2019",9:00p,Charlotte Hornets,,Utah Jazz,,,,,
"Tue, Apr 2, 2019",10:30p,Denver Nuggets,,Golden State Warriors,,,,,
"Tue, Apr 2, 2019",8:00p,Los Angeles Lakers,,Oklahoma City Thunder,,,,,
"Tue, Apr 2, 2019",10:00p,Houston Rockets,,Sacramento Kings,,,,,
"Tue, Apr 2, 2019",8:30p,Atlanta Hawks,,San Antonio Spurs,,,,,
"Wed, Apr 3, 2019",7:30p,Philadelphia 76ers,,Atlanta Hawks,,,,,
"Wed, Apr 3, 2019",7:30p,Toronto Raptors,,Brooklyn Nets,,,,,
"Wed, Apr 3, 2019",8:30p,Minnesota Timberwolves,,Dallas Mavericks,,,,,
"Wed, Apr 3, 2019",9:00p,San Antonio Spurs,,Denver Nuggets,,,,,
"Wed, Apr 3, 2019",7:00p,Indiana Pacers,,Detroit Pistons,,,,,
"Wed, Apr 3, 2019",10:30p,Houston Rockets,,Los Angeles Clippers,,,,,
"Wed, Apr 3, 2019",7:30p,Boston Celtics,,Miami Heat,,,,,
"Wed, Apr 3, 2019",8:00p,Charlotte Hornets,,New Orleans Pelicans,,,,,
"Wed, Apr 3, 2019",7:00p,New York Knicks,,Orlando Magic,,,,,
"Wed, Apr 3, 2019",10:00p,Utah Jazz,,Phoenix Suns,,,,,
"Wed, Apr 3, 2019",10:00p,Memphis Grizzlies,,Portland Trail Blazers,,,,,
"Wed, Apr 3, 2019",7:00p,Chicago Bulls,,Washington Wizards,,,,,
"Thu, Apr 4, 2019",10:30p,Golden State Warriors,,Los Angeles Lakers,,,,,
"Thu, Apr 4, 2019",8:00p,Milwaukee Bucks,,Philadelphia 76ers,,,,,
"Thu, Apr 4, 2019",10:00p,Cleveland Cavaliers,,Sacramento Kings,,,,,
"Fri, Apr 5, 2019",7:00p,Toronto Raptors,,Charlotte Hornets,,,,,
"Fri, Apr 5, 2019",8:30p,Memphis Grizzlies,,Dallas Mavericks,,,,,
"Fri, Apr 5, 2019",10:30p,Portland Trail Blazers,,Denver Nuggets,,,,,
"Fri, Apr 5, 2019",10:30p,Cleveland Cavaliers,,Golden State Warriors,,,,,
"Fri, Apr 5, 2019",8:00p,New York Knicks,,Houston Rockets,,,,,
"Fri, Apr 5, 2019",8:00p,Boston Celtics,,Indiana Pacers,,,,,
"Fri, Apr 5, 2019",10:30p,Los Angeles Lakers,,Los Angeles Clippers,,,,,
"Fri, Apr 5, 2019",8:00p,Miami Heat,,Minnesota Timberwolves,,,,,
"Fri, Apr 5, 2019",8:00p,Detroit Pistons,,Oklahoma City Thunder,,,,,
"Fri, Apr 5, 2019",7:00p,Atlanta Hawks,,Orlando Magic,,,,,
"Fri, Apr 5, 2019",10:00p,New Orleans Pelicans,,Phoenix Suns,,,,,
"Fri, Apr 5, 2019",9:00p,Sacramento Kings,,Utah Jazz,,,,,
"Fri, Apr 5, 2019",7:00p,San Antonio Spurs,,Washington Wizards,,,,,
"Sat, Apr 6, 2019",8:00p,Philadelphia 76ers,,Chicago Bulls,,,,,
"Sat, Apr 6, 2019",5:00p,Brooklyn Nets,,Milwaukee Bucks,,,,,
"Sun, Apr 7, 2019",7:30p,Orlando Magic,,Boston Celtics,,,,,
"Sun, Apr 7, 2019",3:00p,San Antonio Spurs,,Cleveland Cavaliers,,,,,
"Sun, Apr 7, 2019",4:00p,Charlotte Hornets,,Detroit Pistons,,,,,
"Sun, Apr 7, 2019",8:30p,Los Angeles Clippers,,Golden State Warriors,,,,,
"Sun, Apr 7, 2019",7:00p,Phoenix Suns,,Houston Rockets,,,,,
"Sun, Apr 7, 2019",5:00p,Brooklyn Nets,,Indiana Pacers,,,,,
"Sun, Apr 7, 2019",9:30p,Utah Jazz,,Los Angeles Lakers,,,,,
"Sun, Apr 7, 2019",6:00p,Dallas Mavericks,,Memphis Grizzlies,,,,,
"Sun, Apr 7, 2019",7:00p,Atlanta Hawks,,Milwaukee Bucks,,,,,
"Sun, Apr 7, 2019",3:30p,Oklahoma City Thunder,,Minnesota Timberwolves,,,,,
"Sun, Apr 7, 2019",7:30p,Washington Wizards,,New York Knicks,,,,,
"Sun, Apr 7, 2019",9:00p,Denver Nuggets,,Portland Trail Blazers,,,,,
"Sun, Apr 7, 2019",9:00p,New Orleans Pelicans,,Sacramento Kings,,,,,
"Sun, Apr 7, 2019",12:00p,Miami Heat,,Toronto Raptors,,,,,
"Tue, Apr 9, 2019",8:00p,New York Knicks,,Chicago Bulls,,,,,
"Tue, Apr 9, 2019",7:00p,Charlotte Hornets,,Cleveland Cavaliers,,,,,
"Tue, Apr 9, 2019",8:30p,Phoenix Suns,,Dallas Mavericks,,,,,
"Tue, Apr 9, 2019",7:00p,Memphis Grizzlies,,Detroit Pistons,,,,,
"Tue, Apr 9, 2019",10:30p,Portland Trail Blazers,,Los Angeles Lakers,,,,,
"Tue, Apr 9, 2019",7:30p,Philadelphia 76ers,,Miami Heat,,,,,
"Tue, Apr 9, 2019",8:00p,Toronto Raptors,,Minnesota Timberwolves,,,,,
"Tue, Apr 9, 2019",8:00p,Golden State Warriors,,New Orleans Pelicans,,,,,
"Tue, Apr 9, 2019",9:30p,Houston Rockets,,Oklahoma City Thunder,,,,,
"Tue, Apr 9, 2019",9:00p,Denver Nuggets,,Utah Jazz,,,,,
"Tue, Apr 9, 2019",7:00p,Boston Celtics,,Washington Wizards,,,,,
"Wed, Apr 10, 2019",8:00p,Indiana Pacers,,Atlanta Hawks,,,,,
"Wed, Apr 10, 2019",8:00p,Miami Heat,,Brooklyn Nets,,,,,
"Wed, Apr 10, 2019",8:00p,Orlando Magic,,Charlotte Hornets,,,,,
"Wed, Apr 10, 2019",10:30p,Minnesota Timberwolves,,Denver Nuggets,,,,,
"Wed, Apr 10, 2019",10:30p,Utah Jazz,,Los Angeles Clippers,,,,,
"Wed, Apr 10, 2019",8:00p,Golden State Warriors,,Memphis Grizzlies,,,,,
"Wed, Apr 10, 2019",8:00p,Oklahoma City Thunder,,Milwaukee Bucks,,,,,
"Wed, Apr 10, 2019",8:00p,Detroit Pistons,,New York Knicks,,,,,
"Wed, Apr 10, 2019",8:00p,Chicago Bulls,,Philadelphia 76ers,,,,,
"Wed, Apr 10, 2019",10:30p,Sacramento Kings,,Portland Trail Blazers,,,,,
"Wed, Apr 10, 2019",8:00p,Dallas Mavericks,,San Antonio Spurs,,,,,
